id;Title;Content;Categories;Tags
10;Cauliflower with Polish Sauce;"<p>Polish sauce is an easy but flavorful topping that is delicious
with a wide variety of vegetables. Polish cooks might serve it over
carrots, cabbage, green beans, asparagus, or brussels sprouts.</p>
<h2 class=""western"">Ingredients:</h2>
<ul>
	<li><p>1 medium head cauliflower*</p>
</ul>
<h3 class=""western"">Polish Sauce:</h3>
<ul>
	<li><p>2 tbsp. butter or margarine</p>
	<li><p>2 tbsp. bread crumbs</p>
	<li><p>1/2 tsp. dill weed.</p>
</ul>
<p>*When buying fresh cauliflower, choose heads that are firm and
very white, with crisp, green leaves. To store cauliflower for a
couple of days, cover the whole head with plastic wrap and put it in
the refrigerator.</p>
<h2 class=""western"">Instructions:</h2>
<ol>
	<li><p>Remove any green leaves from cauliflower and trim stem. Wash
	under cool running water. 
	</p>
	<li><p>Place whole cauliflower right side up in a large kettle. Put
	enough water in the kettle to reach bottom florets (the ones closest
	to the stem) of the cauliflower and add 1/2 tsp. salt to the water.
	Cover the kettle tightly and bring water to a boil. 
	</p>
	<li><p>Cook cauliflower for about 12 to 15 minutes, or until tender
	but not mushy.</p>
	<li><p>In a small frying pan, melt butter over medium heat until it
	sizzles. (Butter burns easily, so be careful not to let it turn
	brown.) 
	</p>
	<li><p>Add bread crumbs and dill weed and stir until mixture is
	golden brown.</p>
	<li><p>When cauliflower is cooked, transfer to a serving platter.
	Top cauliflower with Polish sauce and serve right away by carefully
	cutting off pieces with a serving spoon.</p>
</ol>";Cuisine;Cuisine|Polish|Main Course
11;Cabbage Rolls (Golabki);"<p style=""margin-bottom: 0in; line-height: 100%"">Golabki translates
literally as &ldquo;little pigeons.&rdquo; Once these cabbage rolls
are nestled in a casserole dish, it isn&rsquo;t hard to see where
they got their name!</p>
<h2 class=""western"">Ingredients:</h2>
<h3 class=""western"">Filling:</h3>
<ul>
	<li><p style=""margin-bottom: 0in; line-height: 100%"">1/3 c. uncooked
	white or brown rice or pearl barley</p>
	<li><p style=""margin-bottom: 0in; line-height: 100%"">1/2 lb. ground
	beef; 1/4 lb. ground pork</p>
	<li><p style=""margin-bottom: 0in; line-height: 100%"">1 egg, lightly
	beaten; 1 medium onion, chopped</p>
	<li><p style=""margin-bottom: 0in; line-height: 100%"">1/2 tsp.
	oregano; 1/2 tsp. dried parsley flakes</p>
	<li><p style=""margin-bottom: 0in; line-height: 100%"">1/2 tsp. basil;
	1/2 tsp. salt; 1/4 tsp. pepper.</p>
</ul>
<h3 class=""western"">Wrapping:</h3>
<ul>
	<li><p style=""margin-bottom: 0in; line-height: 100%"">1 small head
	cabbage</p>
</ul>
<h3 class=""western"">Sauce:</h3>
<ul>
	<li><p style=""margin-bottom: 0in; line-height: 100%"">1 6-oz. can
	tomato paste; 1 tbsp. all-purpose flour</p>
	<li><p style=""margin-bottom: 0in; line-height: 100%"">1 1/2 tsp.
	sugar; 1/2 tsp. pepper</p>
	<li><p style=""margin-bottom: 0in; line-height: 100%"">1/2 tsp.
	oregano; 1/2 tsp. dried parsley flakes</p>
	<li><p style=""margin-bottom: 0in; line-height: 100%"">1/2 tsp. basil;
	pinch of cayenne pepper (optional)</p>
	<li><p style=""margin-bottom: 0in; line-height: 100%"">1 clove garlic,
	minced; 1 12-oz. can tomato or cocktail vegetable juice</p>
	<li><p style=""margin-bottom: 0in; line-height: 100%"">1 1/2 tsp.
	olive or vegetable oil.</p>
</ul>
<h2 class=""western"">Instructions:</h2>
<ol>
	<li><p style=""margin-bottom: 0in; line-height: 100%"">Cook rice or
	barley according to directions on package.</p>
	<li><p style=""margin-bottom: 0in; line-height: 100%"">In a large
	mixing bowl, combine cooked rice or barley, ground beef, pork, egg,
	half of the chopped onion, oregano, parsley, basil, salt, and pepper
	and mix well.</p>
	<li><p style=""margin-bottom: 0in; line-height: 100%"">Core and wash
	the cabbage and place in a large kettle of boiling, salted water for
	10 minutes, or until outer leaves become tender. Carefully remove
	cabbage from water with tongs, cool a bit, and pull off the tender
	outer leaves without tearing them. When you reach a layer of crisp
	leaves, return cabbage to boiling water until leaves become tender.
	Repeat this process until you have pulled off 10 to 15 whole cabbage
	leaves.</p>
	<li><p style=""margin-bottom: 0in; line-height: 100%"">In a mixing
	bowl, combine tomato paste, flour, sugar, remaining onion, pepper,
	oregano, parsley, basil, cayenne, and garlic. Mix well. Add tomato
	juice, a little at a time, and stir until smooth. Continue stirring
	and add the oil.</p>
	<li><p style=""margin-bottom: 0in; line-height: 100%"">Cut large
	cabbage leaves lengthwise on both sides of heavy center vein and
	discard vein. You should end up with about 20 cabbage wrappings.</p>
	<li><p style=""margin-bottom: 0in; line-height: 100%"">Place 1 tbsp.
	filling at one end of a cabbage leaf. Roll up leaf and bend slightly
	to form a crescent-shaped roll. Repeat with remaining leaves and
	filling.</p>
	<li><p style=""margin-bottom: 0in; line-height: 100%"">Preheat oven to
	375&deg;F.</p>
	<li><p style=""margin-bottom: 0in; line-height: 100%"">Put 1/2 c.
	sauce into a deep casserole dish with a lid.</p>
	<li><p style=""margin-bottom: 0in; line-height: 100%"">Place cabbage
	rolls side by side in the dish, making sure they fit together
	tightly. Make two layers of rolls, pouring a little more sauce
	between layers. (Do not fill casserole dish more than halfway up the
	sides.) Pour remaining sauce over the top.</p>
	<li><p style=""margin-bottom: 0in; line-height: 100%"">Cover casserole
	dish tightly. Place dish on the middle oven rack and bake for 30
	minutes.</p>
	<li><p style=""margin-bottom: 0in; line-height: 100%"">Uncover dish
	and bake 20 to 25 minutes more.</p>
	<li><p style=""margin-bottom: 0in; line-height: 100%"">Serve from the
	casserole dish, spooning plenty of sauce over each helping.</p>
</ol>
<p style=""margin-bottom: 0in; line-height: 100%""><br/>

</p>";Cuisine;Cuisine|Polish|Main Course
12;Pierogi (Dumplings);"<p style=""margin-bottom: 0in; line-height: 100%"">Pierogi are an old
Polish favorite. They can be filled with potatoes, meat, mushrooms,
or almost anything else a creative cook might want to try. Fill half
of your pierogi with the sauerkraut mixture and half with the cheese
or meat filling for a tasty selection.</p>
<h2 class=""western"">Ingredients:</h2>
<h3 class=""western"">Sauerkraut Filling:</h3>
<ul>
	<li><p style=""margin-bottom: 0in; line-height: 100%"">4 oz.
	sauerkraut, drained</p>
	<li><p style=""margin-bottom: 0in; line-height: 100%"">2 tbsp. butter
	or margarine</p>
	<li><p style=""margin-bottom: 0in; line-height: 100%"">1/2 onion,
	peeled and chopped</p>
	<li><p style=""margin-bottom: 0in; line-height: 100%"">1/4 tsp.
	paprika; 1/4 tsp. salt</p>
	<li><p style=""margin-bottom: 0in; line-height: 100%"">1/4 tsp.
	pepper; 1/4 tsp. marjoram.</p>
</ul>
<h3 class=""western"">Savory Cheese Filling:</h3>
<ul>
	<li><p style=""margin-bottom: 0in; line-height: 100%"">8 oz. (1 c.)
	cottage cheese</p>
	<li><p style=""margin-bottom: 0in; line-height: 100%"">2 tbsp. bread
	crumbs</p>
	<li><p style=""margin-bottom: 0in; line-height: 100%"">1 egg yolk</p>
	<li><p style=""margin-bottom: 0in; line-height: 100%"">1/2 tsp. salt; 
	</p>
	<li><p style=""margin-bottom: 0in; line-height: 100%"">1/4 tsp. pepper</p>
	<li><p style=""margin-bottom: 0in; line-height: 100%"">Pinch of garlic
	powder (optional).</p>
</ul>
<h3 class=""western"">Meat Filling:</h3>
<ul>
	<li><p style=""margin-bottom: 0in; line-height: 100%"">0.5 kg of beef</p>
	<li><p style=""margin-bottom: 0in; line-height: 100%"">3 carrots</p>
	<li><p style=""margin-bottom: 0in; line-height: 100%"">1 parsley</p>
	<li><p style=""margin-bottom: 0in; line-height: 100%"">1 leek</p>
	<li><p style=""margin-bottom: 0in; line-height: 100%"">half of a
	celery</p>
	<li><p style=""margin-bottom: 0in; line-height: 100%"">1 onion</p>
	<li><p style=""margin-bottom: 0in; line-height: 100%"">butter or oil
	for frying</p>
	<li><p style=""margin-bottom: 0in; line-height: 100%"">1 roll</p>
	<li><p style=""margin-bottom: 0in; line-height: 100%"">parsley leaves</p>
	<li><p style=""margin-bottom: 0in; line-height: 100%"">two eggs</p>
	<li><p style=""margin-bottom: 0in; line-height: 100%"">salt &amp;
	pepper</p>
	<li><p style=""margin-bottom: 0in; line-height: 100%"">crackling or
	fried onion</p>
</ul>
<h3 class=""western"">Mushroom &amp; Cabbage Filling:</h3>
<ul>
	<li><p style=""margin-bottom: 0in; line-height: 100%"">1 kg of the
	sauerkraut</p>
	<li><p style=""margin-bottom: 0in; line-height: 100%"">2-3 cups of
	dried mushrooms or much more raw white mushrooms from grocery</p>
	<li><p style=""margin-bottom: 0in; line-height: 100%"">2 medium-sized
	onions</p>
	<li><p style=""margin-bottom: 0in; line-height: 100%"">oil or butter
	for frying onion</p>
	<li><p style=""margin-bottom: 0in; line-height: 100%"">some salt</p>
	<li><p style=""margin-bottom: 0in; line-height: 100%"">some black
	pepper</p>
	<li><p style=""margin-bottom: 0in; line-height: 100%"">8-10 bay leafs</p>
	<li><p style=""margin-bottom: 0in; line-height: 100%"">spoonful of
	breadcrumbs (optional)</p>
</ul>
<h3 class=""western"">Dough:</h3>
<ul>
	<li><p style=""margin-bottom: 0in; line-height: 100%"">2 c.
	all-purpose flour</p>
	<li><p style=""margin-bottom: 0in; line-height: 100%"">1 egg; 
	</p>
	<li><p style=""margin-bottom: 0in; line-height: 100%"">1/8 tsp. salt</p>
	<li><p style=""margin-bottom: 0in; line-height: 100%"">1/2 to 3/4 c.
	water or skim milk extra flour for mixing</p>
	<li><p style=""margin-bottom: 0in; line-height: 100%"">1 tsp. salt.</p>
</ul>
<h2 class=""western"">Instructions:</h2>
<h3 class=""western"">Sauerkraut Filling:</h3>
<ol>
	<li><p style=""margin-bottom: 0in; line-height: 100%"">Chop sauerkraut
	into very small pieces. Melt butter or margarine in skillet.</p>
	<li><p style=""margin-bottom: 0in; line-height: 100%"">Add sauerkraut
	and remaining ingredients and fry over low heat for about 10
	minutes, stirring occasionally.</p>
	<li><p style=""margin-bottom: 0in; line-height: 100%"">Fill and cook
	pierozki as directed.</p>
</ol>
<h3 class=""western"">Savory Cheese Filling:</h3>
<ol>
	<li><p style=""margin-bottom: 0in; line-height: 100%"">Put all
	ingredients in a medium bowl and mix well.</p>
	<li><p style=""margin-bottom: 0in; line-height: 100%"">Fill and cook
	pierozki as directed.</p>
</ol>
<h3 class=""western"">Meat Filling:</h3>
<ol>
	<li><p style=""margin-bottom: 0in"">Wash 0.5 kg of beef without the
	bone. Put in salted water. Cook, until the meat softens.</p>
	<li><p style=""margin-bottom: 0in"">Prepare wloszczyzna vegetables:
	peel and cut into small stripes three carrots, one parsley, one leek
	and half a celery. Throw this vegetables into stock with meat and
	leave gently cooking on half an hour. I usually don't buy raw
	vegetables in such situations. I prefer buying in a grocery those
	already cut up frozen vegetables.</p>
	<li><p style=""margin-bottom: 0in"">While the meat is being cooked
	with vegetables peel onion and cut it into cubes.</p>
	<li><p style=""margin-bottom: 0in"">Fry onion on the frying pan with
	the addition of butter, until it lightly browns itself.</p>
	<li><p style=""margin-bottom: 0in"">Take the meat out of stock and
	tear into smaller pieces.</p>
	<li><p style=""margin-bottom: 0in"">Put one roll into the bowl and
	fill with stock. Wait a while, as far as the roll will become
	soaked. Then take it out of the bowl, drain and add to the meat.</p>
	<li><p style=""margin-bottom: 0in"">Add also fried onion and precisely
	mix everything.</p>
	<li><p style=""margin-bottom: 0in"">Grind the blend of onion, meat and
	roll in a meat mincer.</p>
	<li><p style=""margin-bottom: 0in"">Chop parsley leaves up and add to
	stuffing.</p>
	<li><p style=""margin-bottom: 0in"">Break two raw eggs into a meat
	mixture.</p>
	<li><p style=""margin-bottom: 0in"">Add salt and grinded black pepper.
	Mix. Season to taste.</p>
	<li><p style=""margin-bottom: 0in"">If your stuffing is too dry add
	some stock.</p>
	<li><p style=""margin-bottom: 0in"">Now arrange this stuffing with
	teaspoon on pierogi dough circles and carefully glue the dough,
	forming pierogi.</p>
	<li><p style=""margin-bottom: 0in"">Cook pierogi on salted water.
	After floating to the surface cook until become soft. Then sift out.</p>
	<li><p style=""margin-bottom: 0in"">We pan-fry the cooked pierogi. Use
	butter or sunflower oil. Fry pierogi from both sides - from time to
	time turning from side to side. Fry pierogi, until become firmly
	browned from both sides.</p>
	<li><p>Lay pierogi on plates. To make the dish more tasty sprinkle
	pierogi with crackling prepared in the meantime, or use onion fried
	to gold. Many people like to eat meat filled pierogi with ketchup,
	mustard or other nice sauces. You can try it, but it is worthwhile
	knowing that such a way of eating isn't truly traditional.</p>
</ol>
<h3 class=""western"">Mushroom &amp; Cabbage Filling:</h3>
<ol>
	<li><p style=""margin-bottom: 0in"">Rinse dried mushrooms with cold
	water and throw into the pot with hot water. Leave for 15-20
	minutes.</p>
	<li><p style=""margin-bottom: 0in"">Put the pot on the cooker and cook
	mushrooms, until become soft.</p>
	<li><p style=""margin-bottom: 0in"">Drain mushrooms off on the
	colander. Collect water in the second pot.</p>
	<li><p style=""margin-bottom: 0in"">Throw the sauerkraut into water,
	in which mushrooms were cooked. Cook it, until become soft.</p>
	<li><p style=""margin-bottom: 0in"">In the meantime cut mushrooms
	carefully into small stripes.</p>
	<li><p style=""margin-bottom: 0in"">Drain the cabbage off on the
	sieve. You can pour water out. Carefully shred the cabbage into
	small stripes.</p>
	<li><p style=""margin-bottom: 0in"">Peel two medium-sized onions and
	cut into small dices.</p>
	<li><p style=""margin-bottom: 0in"">Melt some butter or oil on the
	frying pan.</p>
	<li><p style=""margin-bottom: 0in"">Throw onion to hot butter / oil
	and fry about 5 minutes to achieve delicate browning.</p>
	<li><p style=""margin-bottom: 0in"">Next throw the cabbage and
	mushrooms. Mix precisely.</p>
	<li><p style=""margin-bottom: 0in"">Add the salt and grinded black
	pepper to the taste. Add 8-10 bay leafs. Some Poles add a tablespoon
	of breadcrumbs, but it is not compulsory and I, personally, have
	never tried it.</p>
	<li><p style=""margin-bottom: 0in"">Put a lid on the frying pan and
	stew about 10 minutes.</p>
	<li><p>Put the filling to the bowl and let it cool off. The filling
	is ready to go when cooled but you will need to get rid of bay leafs
	before folding pierogi or uszka.</p>
</ol>
<h3 class=""western"">Dough:</h3>
<ol>
	<li><p style=""margin-bottom: 0in; line-height: 100%"">In a medium
	bowl, mix together flour, egg, and 1/8 tsp. salt. 
	</p>
	<li><p style=""margin-bottom: 0in; line-height: 100%"">Mix in water or
	milk, a little at a time, until dough is stiff.</p>
	<li><p style=""margin-bottom: 0in; line-height: 100%"">Knead dough for
	2 to 4 minutes on a floured surface. (You will probably have to add
	more flour.) Roll out dough to 1/8 -inch thickness with a rolling
	pin.</p>
	<li><p style=""margin-bottom: 0in; line-height: 100%"">With a drinking
	glass or cookie cutter, cut out rounds of dough 3 inches in
	diameter.</p>
	<li><p style=""margin-bottom: 0in; line-height: 100%"">Put 1 tbsp. of
	either filling on one half of a dough circle.</p>
	<li><p style=""margin-bottom: 0in; line-height: 100%"">Moisten edges
	of dough with a little water. Fold dough over filling and press
	edges together, first with your fingers, then with the tines of a
	fork. Repeat with remaining dough and filling.</p>
	<li><p style=""margin-bottom: 0in; line-height: 100%"">Fill a large
	kettle with water and 1 tsp. salt and bring to boil. Place pierozki
	in boiling water a few at a time. (If you put too many in the kettle
	at once, they will stick together.) 
	</p>
	<li><p style=""margin-bottom: 0in; line-height: 100%"">Boil for 3 to 5
	minutes, or until pierozki begin to float.</p>
	<li><p style=""margin-bottom: 0in; line-height: 100%"">Serve hot, with
	sour cream if desired.</p>
</ol>";Cuisine;Cuisine|Polish|Main Course
13;Bigos (Hunter&Stew);"<p style=""margin-bottom: 0in; line-height: 100%"">Hunter&rsquo;s stew
has been the Polish national dish for hundreds of years.This tempting
stew can be eaten hot or cold. It is delicious when reheated, and the
leftovers can be frozen for future use.</p>
<h2 class=""western"">Ingredients:</h2>
<ul>
	<li><p style=""margin-bottom: 0in; line-height: 100%"">4 young
	cabbages</p>
	<li><p style=""margin-bottom: 0in; line-height: 100%"">0.7 kg of lean
	pork</p>
	<li><p style=""margin-bottom: 0in; line-height: 100%"">0.25 kg of
	smoked bacon</p>
	<li><p style=""margin-bottom: 0in; line-height: 100%"">0.7 kg of thin
	sausages (kielbasa)</p>
	<li><p style=""margin-bottom: 0in; line-height: 100%"">1 carrot, 1
	parsley, half of celery, 1 onion</p>
	<li><p style=""margin-bottom: 0in; line-height: 100%"">1 bunch of dill</p>
	<li><p style=""margin-bottom: 0in; line-height: 100%"">3 bay leaves, 4
	grains of allspice, 1 tablespoon of sugar, 1 tablespoon of oil</p>
	<li><p style=""margin-bottom: 0in; line-height: 100%"">sugar, salt &amp;
	pepper</p>
</ul>
<h2 class=""western"">Instructions:</h2>
<ol>
	<li><p style=""margin-bottom: 0in"">Cut pork and onion into small
	pieces. Fry in oil.</p>
	<li><p style=""margin-bottom: 0in"">Put fried meat &amp; onion into a
	pot, add small amount of water and simmer for 30 minutes.</p>
	<li><p style=""margin-bottom: 0in"">Cut cabbage into small pieces. To
	the boiling meat and onion add: cabbage, diced bacon, vegetables,
	whole bay leaves and allspice.</p>
	<li><p style=""margin-bottom: 0in"">Boil the whole mixture until
	cabbage is soft.</p>
	<li><p style=""margin-bottom: 0in"">Season your bigos with salt,
	pepper and a little sugar.</p>
	<li><p>Before serving add sausages (kielbasa) to the pot to make
	them warm. Chop dill and sprinkle bigos served on plates (or serve
	chopped dill on a separate saucer).</p>
</ol>";Cuisine;Cuisine|Polish|Main Course
14;Krupnik (Barley Soup);"<p style=""margin-bottom: 0in; line-height: 100%"">This hearty soup is
easy to adapt according to your personal tastes and what you have on
hand. Try adding celery, corn, peas, or other veggies for extra
variety.</p>
<h2 class=""western"">Ingredients:</h2>
<ul>
	<li><p style=""margin-bottom: 0in; line-height: 100%"">1 medium potato</p>
	<li><p style=""margin-bottom: 0in; line-height: 100%"">1 carrot</p>
	<li><p style=""margin-bottom: 0in; line-height: 100%"">4 103/4 -oz.
	cans (about 6 cups) beef or vegetable broth</p>
	<li><p style=""margin-bottom: 0in; line-height: 100%"">1/2 tbsp. dried
	parsley flakes</p>
	<li><p style=""margin-bottom: 0in; line-height: 100%"">1/2 tbsp. dill
	weed</p>
	<li><p style=""margin-bottom: 0in; line-height: 100%"">2 or 3 fresh
	mushrooms</p>
	<li><p style=""margin-bottom: 0in; line-height: 100%"">1 tsp. butter
	or margarine</p>
	<li><p style=""margin-bottom: 0in; line-height: 100%"">1/4 c. pearl
	barley.</p>
</ul>
<h2 class=""western"">Instructions:</h2>
<ol>
	<li><p style=""margin-bottom: 0in; line-height: 100%"">Peel potato and
	carrot and cut into bite-sized pieces.</p>
	<li><p style=""margin-bottom: 0in; line-height: 100%"">Put all but 3/4
	c. broth into a large kettle. Add potato, carrot, parsley flakes,
	and dill weed and bring to a boil. Reduce heat to low and cover.</p>
	<li><p style=""margin-bottom: 0in; line-height: 100%"">Meanwhile,
	clean and slice mushrooms. Melt butter in a skillet over medium
	heat. Add barley and mushrooms and saut&eacute; 1 to 2 minutes. Add
	remaining broth and simmer 5 to 7 minutes, or until mushrooms are
	soft.</p>
	<li><p style=""margin-bottom: 0in; line-height: 100%"">Add barley
	mixture to kettle and simmer for about 45 minutes, or until barley
	is tender.</p>
	<li><p style=""margin-bottom: 0in; line-height: 100%"">Serve hot.*</p>
</ol>
<p style=""margin-bottom: 0in; line-height: 100%""><br/>

</p>
<p style=""margin-bottom: 0in; line-height: 100%"">*For a special
treat, stir in 1/4 c evaporated skim milk just before serving.This
makes a rich and creamy soup that is still low in fat.</p>";Cuisine;Cuisine|Polish|Main Course
15;Uszka (Small Dumplings);"<p><a name=""aswift_1_anchor1""></a><a name=""aswift_1_expand1""></a><a name=""content""></a>
The following recipe is about uszka with mushroom filling. The Polish
cuisine offers two kinds of Christmas Eve uszka: one with mushrooms
only and second one with cabbage and mushrooms, which is at least the
same popular. I do describe how to make mushroom-cabbage filling here
- that supplements the following recipe for uszka.</p>
<h2 class=""western"">Ingredients:</h2>
<ul>
	<li><p style=""margin-bottom: 0in; line-height: 100%"">2 cups of the
	wheat flour</p>
	<li><p style=""margin-bottom: 0in; line-height: 100%"">some sunflower
	oil</p>
	<li><p style=""margin-bottom: 0in; line-height: 100%"">100 g of dried
	mushrooms (best is bolete)</p>
	<li><p style=""margin-bottom: 0in; line-height: 100%"">2-3 onions</p>
	<li><p style=""margin-bottom: 0in; line-height: 100%"">butter or oil
	for frying onion</p>
	<li><p style=""margin-bottom: 0in; line-height: 100%"">1 egg</p>
</ul>
<h2 class=""western"">Instructions:</h2>
<h3 class=""western""><a name=""aswift_2_anchor1""></a><a name=""aswift_2_expand1""></a>
Filling for uszka:</h3>
<ol>
	<li><p style=""margin-bottom: 0in"">Prepare 100 g of dried mushrooms,
	best is <a href=""http://en.wikipedia.org/wiki/Boletus_edulis"" target=""_top"">boletus</a>
	(<i>Boletus edulis</i>). In Poland for the production of national
	dishes such as pierogi, uszka, sauces and traditional mushroom soups
	those <a href=""http://en.wikipedia.org/wiki/Agaricus"" target=""_top"">typical
	'mushrooms' you probably know</a> (<i>Agaricus</i>) are not used.
	Please, read my commentary on <a href=""https://www.tastingpoland.com/food/mushrooms_in_polish_cuisine.html"" target=""_top"">Polish
	edible mushrooms and the tradition of the mushroom hunting</a>.
	Since in many English-speaking countries the access to some species
	of mushrooms is firmly limited you can boldly use white mushrooms
	(<i>Agaricus</i>) for your uszka.</p>
	<li><p style=""margin-bottom: 0in"">Rinse mushrooms with cold water.
	If you use white mushrooms from grocery go to point 4. If you
	managed to get traditional dried mushrooms put them into the pot
	with warm water. Wait 15 minutes and then start heating up. Cook
	mushrooms, until become soft.</p>
	<li><p style=""margin-bottom: 0in"">Drain soaked mushrooms off on the
	colander and wait the moment so that they cool.</p>
	<li><p style=""margin-bottom: 0in"">In the meantime peel 2 or 3 onions
	and cut carefully into tiny cubes.</p>
	<li><p style=""margin-bottom: 0in"">Now cut mushrooms up into very
	thin slices. Don't grind them, don't crush or tear.</p>
	<li><p style=""margin-bottom: 0in"">Melt and heat a little portion of
	butter or oil on a frying pan.</p>
	<li><p style=""margin-bottom: 0in"">When butter will heat up throw the
	onion and brown gently under the lid. It should last for about 5
	minutes.</p>
	<li><p style=""margin-bottom: 0in"">Next throw mushrooms chopped up
	and mix with onion.</p>
	<li><p style=""margin-bottom: 0in"">Add one egg and mix. Fry mixing
	constantly.</p>
	<li><p style=""margin-bottom: 0in"">In the moment, when egg is curdled
	add salt and pepper. Taste your stuffing and season some more, all
	the way to taste that satisfies you.</p>
	<li><p style=""margin-bottom: 0in"">Remove the frying pan from the
	cooker and let it cool.</p>
	<li><p>After about five minutes, when filling is still hot add one
	teaspoonful of butter and mix filling precisely.</p>
</ol>
<h3 class=""western"">Uszka dough</h3>
<ol>
	<li><p style=""margin-bottom: 0in"">Build a heap on the pastry board
	by sieving two cups of the wheat flour through the sieve.</p>
	<li><p style=""margin-bottom: 0in"">Add three drops of the sunflower
	oil.</p>
	<li><p style=""margin-bottom: 0in"">Pour some warm, boiled water onto
	the flour. Mix with hands trying to form a dough. Add warm water
	portion by portion, until you get the dough which is elastic and
	'kneadable'. It should not however be too soft.</p>
	<li><p style=""margin-bottom: 0in"">Knead the dough, until you crumble
	all pellets, and the color is uniform (this might be difficult and
	laborious task; it is worthwhile dragging some man to the work ;)</p>
	<li><p>Form one knob from the dough and put it into the bowl. Cover
	the bowl with the clean cloth and put back on 20 minutes.</p>
</ol>
<h3 class=""western"">Folding uszka</h3>
<ol>
	<li><p style=""margin-bottom: 0in"">Take the dough out of the bowl,
	put on the lightly floured board and roll up most thinly, as you can
	- the thickness should be 2 to 3 mm.</p>
	<li><p style=""margin-bottom: 0in"">From such clump cut out the
	circles (about 5 cm of diameter), with the appropriately selected
	cup.</p>
	<li><p style=""margin-bottom: 0in"">We put with a teaspoon a portion
	of filling on every circle (not so much that 'gluing' dough is not
	possible, and not so stingily that you can't taste filling eating
	uszka; this is a matter of experience and by third, fourth uszka you
	will already know how much filling you can still wrap up with the
	dough).</p>
	<li><p style=""margin-bottom: 0in"">Wrap up the filling with the dough
	in order to form a semicircle. Join together the dough with your
	fingers, closing the filling inside. This stage is identical to
	pierogi (with the difference that uszka are smaller).</p>
	<li><p style=""margin-bottom: 0in"">Now wrap two opposite horns up and
	join together with fingers forming something like an envelope. It's
	uszka indeed. It should be little, like a head of a teaspoon.</p>
	<li><p style=""margin-bottom: 0in"">When uszka are ready we should
	cook them. At first boil salted water. When water boils, throw uszka
	one after another.</p>
	<li><p>When uszka will flow to the surface of water cook them one or
	two minutes more. Drain off on the colander. Hot uszka are usually
	thrown directly into plates with the clear red borscht, while cooled
	uszka should be heated up in the pot with the borscht being warmed.
	Serve about 5 pieces of uszka for 250 ml of clear borscht.</p>
</ol>
<p>One-time preparing large amounts of uszka and next freezing them
in the freezer is a common practice in a lot of Polish families. They
can last a few months in it. 
</p>";Cuisine;Cuisine|Polish|Main Course
16;White cabbage stewed with neck;"<h2 class=""western"">Ingredients:</h2>
<ul>
	<li><p style=""margin-bottom: 0in; line-height: 100%"">500 g of the
	pork neck</p>
	<li><p style=""margin-bottom: 0in; line-height: 100%"">butter or olive
	for frying pork neck</p>
	<li><p style=""margin-bottom: 0in; line-height: 100%"">beef for 0.75 L
	of stock or two beef stock cubes</p>
	<li><p style=""margin-bottom: 0in; line-height: 100%"">200 g of the
	Polish sausage</p>
	<li><p style=""margin-bottom: 0in; line-height: 100%"">750 g of white
	cabbage</p>
	<li><p style=""margin-bottom: 0in; line-height: 100%"">150 g of carrot</p>
	<li><p style=""margin-bottom: 0in; line-height: 100%"">1 small parsley</p>
	<li><p style=""margin-bottom: 0in; line-height: 100%"">150 g of leeks</p>
	<li><p style=""margin-bottom: 0in; line-height: 100%"">200 g of onion</p>
	<li><p style=""margin-bottom: 0in; line-height: 100%"">50 g of celery</p>
	<li><p style=""margin-bottom: 0in; line-height: 100%"">salt</p>
	<li><p style=""margin-bottom: 0in; line-height: 100%"">1 teaspoonful
	of caraway</p>
	<li><p style=""margin-bottom: 0in; line-height: 100%"">half of
	teaspoonfuls of: white pepper and sweet red pepper</p>
	<li><p style=""margin-bottom: 0in; line-height: 100%"">quarter
	teaspoon of hot pepper</p>
</ul>
<h2 class=""western"">Instructions:</h2>
<ol>
	<li><p style=""margin-bottom: 0in"">Cut the washed pork neck (0.5 kg)
	into cubes and fry long and precisely in butter or olive (the meat
	should not be red). Use saucepan or frying pan large enough. In this
	dish all ingredients will be mixed.</p>
	<li><p style=""margin-bottom: 0in"">In the meantime cook 0.75 L of the
	beef stock. You can cook the stock on the 'real' beef, or use two
	stock cubes instead. When ready, put it aside. The broth will be
	used to baste our meal.</p>
	<li><p style=""margin-bottom: 0in"">When the meat is already fried
	pour the stock over it and cover the pan with a lid. Do not stop
	heating and stew this way for about 20-30 minutes. During stewing
	the meat in the broth let's deal with vegetables.</p>
	<li><p style=""margin-bottom: 0in"">Cut a head of cabbage in four
	parts (750 g), as an apple. Cut the stalk out and shred the cabbage
	to belts of about 0.5 cm width.</p>
	<li><p style=""margin-bottom: 0in"">Peel the carrot (150 g), rinse and
	cut it crosswise into round slices.</p>
	<li><p style=""margin-bottom: 0in"">Peel one small parsley, rinse and
	cut into matchsticks.</p>
	<li><p style=""margin-bottom: 0in"">Clean the leeks precisely (150 g),
	halve it along. Then shred crosswise to thin belts.</p>
	<li><p style=""margin-bottom: 0in"">Peel onions (200 g), halve it and
	cut into thin belts like you did with the leek.</p>
	<li><p style=""margin-bottom: 0in"">Peel the celery (50 g), wash and
	cut it into small cubes.</p>
	<li><p style=""margin-bottom: 0in"">Put all vegetables to the pan with
	the meat. Baste with the broth in order to cover all ingredients.</p>
	<li><p style=""margin-bottom: 0in"">Pour one teaspoonful of the salt,
	one teaspoonful of the caraway, half a teaspoonful of the white
	pepper, half a teaspoon of the red, sweet pepper and quarter
	teaspoonful of the hot pepper. Mix exactly and taste. Salt some more
	to the taste.</p>
	<li><p style=""margin-bottom: 0in"">Leave it all on heating for 30
	minutes. You should monitor the level of broth in the pot and baste
	if necessary.</p>
	<li><p style=""margin-bottom: 0in"">Rinse the best quality Polish
	sausage with cold water. Cut it into slices (width about 0.5 cm) and
	throw into the pot. Baste with stock and mix. Leave on the fire for
	20 minutes.</p>
	<li><p>The dish is ready. Take it of the cooker and let cool slowly
	to enable thorough mixing of all tastes. Before serving warm it up
	again.</p>
</ol>";Cuisine;Cuisine|Polish|Main Course
17;Scrambled eggs with chanterelle mushrooms;"<h2 class=""western"">Ingredients:</h2>
<ul>
	<li><p style=""margin-bottom: 0in; line-height: 100%"">300 g of
	chanterelle mushrooms</p>
	<li><p style=""margin-bottom: 0in; line-height: 100%"">8 eggs</p>
	<li><p style=""margin-bottom: 0in; line-height: 100%"">some butter or
	lard for frying</p>
	<li><p style=""margin-bottom: 0in; line-height: 100%"">salt and pepper
	to taste</p>
	<li><p style=""margin-bottom: 0in; line-height: 100%"">chives</p>
	<li><p style=""margin-bottom: 0in; line-height: 100%"">bread or roll</p>
</ul>
<h2 class=""western"">Instructions:</h2>
<ol>
	<li><p style=""margin-bottom: 0in; line-height: 100%"">Precisely wash
	300 g of chanterelle mushrooms. Cut bottom parts of stem if dirty.</p>
	<li><p style=""margin-bottom: 0in; line-height: 100%"">Throw it all
	onto frying pan and gently heat to remowe excess of water.</p>
	<li><p style=""margin-bottom: 0in; line-height: 100%"">After few
	minutes, when mushrooms are no longer wet, add some butter or lard
	and gently fry (I do prefer lard, see photo below). I usually fry
	chanterelle mushrooms for 15 minutes. During that time it becomes
	golden. Such mushroom is a bit gristly, what I actually like :) If
	you fry a bit longer, chanterelle becomes brown and has more 'meaty'
	consistency.</p>
	<li><p style=""margin-bottom: 0in; line-height: 100%"">Add 8 eggs and
	fry.</p>
	<li><p style=""margin-bottom: 0in; line-height: 100%"">Add salt and
	black pepper to taste.</p>
	<li><p style=""margin-bottom: 0in; line-height: 100%"">Sprinkle or mix
	with chives. Serve with bread or rolls.</p>
</ol>
<h1 class=""western"">Knedle (Dumplings with poppy filling)</h1>
<h2 class=""western"">Ingredients:</h2>
<ul>
	<li><p style=""margin-bottom: 0in"">125 ml of milk</p>
	<li><p style=""margin-bottom: 0in"">70 g of sugar</p>
	<li><p style=""margin-bottom: 0in"">20 g of yeast</p>
	<li><p style=""margin-bottom: 0in"">250 g of the wheat flour</p>
	<li><p style=""margin-bottom: 0in"">100 g of butter</p>
	<li><p style=""margin-bottom: 0in"">pinch of salt</p>
	<li><p style=""margin-bottom: 0in"">1 egg</p>
	<li><p style=""margin-bottom: 0in"">80 g of the poppy, 10 g of the
	sugar, 20 g of butter and 1 yolk to prepare the filling</p>
	<li><p style=""margin-bottom: 0in"">sweetened cream or sweet yoghurt
	for pouring over the knedle dumplings</p>
	<li><p style=""margin-bottom: 0in"">or fruit sauce instead of
	cream/yoghurt</p>
	<li><p>slices of fruits (blueberries, strawberries or similar)</p>
</ul>
<h2 class=""western"">Instructions:</h2>
<ol>
	<li><p style=""margin-bottom: 0in"">Pour half a cup of the milk into
	the pot, add 1 teaspoonful of the sugar and heat gently on the
	cooker.</p>
	<li><p style=""margin-bottom: 0in"">Crush 20 g of yeast and mix with
	warm milk precisely.</p>
	<li><p style=""margin-bottom: 0in"">Next add 1 spoonful of the flour,
	mix and put away into the warm place under the cover.</p>
	<li><p style=""margin-bottom: 0in"">Prepare clean bowl and put the
	remaining flour into it.</p>
	<li><p style=""margin-bottom: 0in"">Pour 50 g of molten butter, a
	pinch of salt and almost entire remaining sugar into bowl. Mix with
	flour.</p>
	<li><p style=""margin-bottom: 0in"">Move this mass to the pot with
	milk and yeast.</p>
	<li><p style=""margin-bottom: 0in"">Break an egg into, and mix
	precisely.</p>
	<li><p style=""margin-bottom: 0in"">Knead dough with your hands, until
	you reach uniform consistency. Cover the dough with clean cloth and
	put back on 20 minutes.</p>
	<li><p style=""margin-bottom: 0in"">At that time let's deal with the
	filling which is trivial in preparation. Simply mix 80 g of the
	poppy with 10 g of the sugar, 20 g of butter and one yolk.</p>
	<li><p style=""margin-bottom: 0in"">After 20 minutes knedle dough
	should grow a little bit in the pot. Use it to shape balls about 3-4
	cm in diameter.</p>
	<li><p style=""margin-bottom: 0in"">Stuff knedle dumplings with the
	filling by: flattening every ball individually, than putting the
	poppy filling in its center, and closing the poppy by gluing the
	dough alltogether. 1 tablespoon of the filling should fall to every
	one ball. When knedle is glued roll it a little bit in hands in
	order to grant it the uniform surface and shape again.</p>
	<li><p style=""margin-bottom: 0in"">Cover such raw knedle with dry and
	clean cloth and once more put it back on 20 minutes.</p>
	<li><p style=""margin-bottom: 0in"">In the meantime prepare the pot
	with the lid and pour water into it so that the water is only 1-2 cm
	high. Add 30 g of butter, a pinch of salt and the entire sugar which
	remained from making pastry.</p>
	<li><p style=""margin-bottom: 0in"">Heat this water until boiling.</p>
	<li><p style=""margin-bottom: 0in"">Now, we put knedle into the pot.
	Cover it with a lid and slightly reduce heating.</p>
	<li><p style=""margin-bottom: 0in"">Cook knedle dumpling gently for 15
	minutes.</p>
	<li><p>Lay cooked knedle on plates and pour with sweet yoghurt or
	the sweetened cream. Sprinkle with slices of fruits - bilberry,
	blueberries or strawberries are probably the best. It is possible to
	pour the fruit juice over knedle. You can also prepare fruit sauce
	by thickening fruit compote (e.g. bilberry compote) with potato
	starch.</p>
</ol>";Cuisine;Cuisine|Polish|Main Course
18;Kotlet Schabowy (Polish Breaded Pork Chop);"<p style=""margin-bottom: 0in; line-height: 100%"">Breaded pork chops
with mashed potatoes and salad (preferably a sauerkraut salad) is
served regularly for Sunday dinner in Poland. Pound the meat as
thinly as you can for best results.</p>
<h2 class=""western"">Ingredients</h2>
<ul>
	<li><p style=""margin-bottom: 0in; line-height: 100%"">2 boneless pork
	chops</p>
	<li><p style=""margin-bottom: 0in; line-height: 100%"">salt and
	freshly ground black pepper to taste</p>
	<li><p style=""margin-bottom: 0in; line-height: 100%"">1 tablespoon
	all-purpose flour</p>
	<li><p style=""margin-bottom: 0in; line-height: 100%"">1 egg</p>
	<li><p style=""margin-bottom: 0in; line-height: 100%"">5 tablespoons
	bread crumbs</p>
	<li><p style=""margin-bottom: 0in; line-height: 100%"">2 tablespoons
	vegetable oil, or as needed</p>
</ul>
<h2 class=""western"">Instructions:</h2>
<ol>
	<li><p>Place pork chops between 2 sheets of heavy plastic on a
	solid, level surface. Firmly pound with the smooth side of a meat
	mallet, turning occasionally, until very thin. Season with salt and
	pepper.</p>
	<li><p>Pour flour onto a large plate. Whisk egg in a wide, shallow
	bowl. Place breadcrumbs in a separate shallow bowl.</p>
	<li><p>Dredge chops with flour. Dip in whisked egg. Coat with bread
	crumbs on both sides. Shake off excess coating.</p>
	<li><p>Heat oil in a large skillet over medium-high heat. Add
	breaded chops; cook until golden brown, about 5 minutes per side.</p>
</ol>";Cuisine;Cuisine|Polish|Main Course
19;Mazurek;"<p style=""margin-bottom: 0in; line-height: 100%"">The traditional
Easter table in a Polish home is laden with a variety of wonderful
desserts.</p>
<h2 class=""western"">Ingredients</h2>
<ul>
	<li><p style=""margin-bottom: 0in; line-height: 100%"">1 c. (2 sticks)
	butter or margarine, softened</p>
	<li><p style=""margin-bottom: 0in; line-height: 100%"">11/4 c. sugar;
	1 c. finely ground almonds</p>
	<li><p style=""margin-bottom: 0in; line-height: 100%"">1 tsp. vanilla
	extract</p>
	<li><p style=""margin-bottom: 0in; line-height: 100%"">Grated rind of
	1 orange, or about</p>
	<li><p style=""margin-bottom: 0in; line-height: 100%"">2 tbsp. dried
	grated orange peel</p>
	<li><p style=""margin-bottom: 0in; line-height: 100%"">5 egg whites</p>
	<li><p style=""margin-bottom: 0in; line-height: 100%"">1 1/2 c.
	all-purpose flour.</p>
	<li><p style=""margin-bottom: 0in; line-height: 100%"">Icing:</p>
	<li><p style=""margin-bottom: 0in; line-height: 100%"">1 c. powdered
	sugar</p>
	<li><p style=""margin-bottom: 0in; line-height: 100%"">2 tsp. lemon
	juice.</p>
</ul>
<h2 class=""western"">Instructions:</h2>
<ol>
	<li><p style=""margin-bottom: 0in; line-height: 100%"">Preheat oven to
	350&deg;F.</p>
	<li><p style=""margin-bottom: 0in; line-height: 100%"">Grease and
	flour a medium cookie sheet.</p>
	<li><p style=""margin-bottom: 0in; line-height: 100%"">In a large
	mixing bowl, combine butter and sugar and beat at high speed for 5
	minutes. Add almonds, vanilla extract, and orange rind and mix well.</p>
	<li><p style=""margin-bottom: 0in; line-height: 100%"">In a medium
	mixing bowl, beat egg whites until stiff. Gradually fold flour then
	egg whites into butter and sugar mixture and mix gently.</p>
	<li><p style=""margin-bottom: 0in; line-height: 100%"">Spread over
	cookie sheet and bake for 40 minutes, or until golden brown.</p>
	<li><p style=""margin-bottom: 0in; line-height: 100%"">While mazurek
	is cooling, prepare icing by combining powdered sugar and lemon
	juice. When mazurek is cool, spread icing over top. Cut into small
	squares and serve.</p>
</ol>";Cuisine;Cuisine|Polish|Desserts
20;Placek ze Sliwkami (Semi-Short Bread with Plums);"<p style=""margin-bottom: 0in; line-height: 100%"">Purple plums and a
sprinkling of powdered sugar make this dessert a treat for the eyes
and for the taste buds.</p>
<h2 class=""western"">Ingredients:</h2>
<h3 class=""western"">Topping:</h3>
<ul>
	<li><p style=""margin-bottom: 0in; line-height: 100%"">1 lb. fresh
	purple plums</p>
	<li><p style=""margin-bottom: 0in; line-height: 100%"">1/4 c. powdered
	sugar</p>
	<li><p style=""margin-bottom: 0in; line-height: 100%"">1/2 c. sour
	cream</p>
	<li><p style=""margin-bottom: 0in; line-height: 100%"">1 tsp. vanilla
	or almond extract</p>
</ul>
<h3 class=""western"">Dough:</h3>
<ul>
	<li><p style=""margin-bottom: 0in; line-height: 100%"">2 c.
	all-purpose flour</p>
	<li><p style=""margin-bottom: 0in; line-height: 100%"">1 1/2 tsp.
	baking powder</p>
	<li><p style=""margin-bottom: 0in; line-height: 100%"">1/2 c. powdered
	sugar</p>
	<li><p style=""margin-bottom: 0in; line-height: 100%"">1/2 tsp. salt</p>
	<li><p style=""margin-bottom: 0in; line-height: 100%"">4 tbsp. (1/2
	stick) butter or margarine, softened</p>
	<li><p style=""margin-bottom: 0in; line-height: 100%"">1 egg, lightly
	beaten</p>
	<li><p style=""margin-bottom: 0in; line-height: 100%"">1 egg yolk</p>
	<li><p style=""margin-bottom: 0in; line-height: 100%"">4 oz. (1/2 c.)
	sour cream</p>
	<li><p style=""margin-bottom: 0in; line-height: 100%"">1/4 to 1/2 c.
	powdered sugar for sprinkling.</p>
</ul>
<h2 class=""western"">Instructions:</h2>
<ol>
	<li><p style=""margin-bottom: 0in; line-height: 100%"">Preheat oven to
	375&deg;F.</p>
	<li><p style=""margin-bottom: 0in; line-height: 100%"">Grease and
	flour a 9&times;13-inch baking pan.</p>
	<li><p style=""margin-bottom: 0in; line-height: 100%"">Wash plums, cut
	in half lengthwise, and remove pits.</p>
	<li><p style=""margin-bottom: 0in; line-height: 100%"">In a mixing
	bowl, make topping by blending together powdered sugar, sour cream,
	and vanilla or almond extract.</p>
	<li><p style=""margin-bottom: 0in; line-height: 100%"">In another
	bowl, combine flour, baking powder, powdered sugar, and salt.</p>
	<li><p style=""margin-bottom: 0in; line-height: 100%"">Cut butter into
	small pieces and add to flour mixture. Blend with a fork until
	mixture resembles large bread crumbs.</p>
	<li><p style=""margin-bottom: 0in; line-height: 100%"">Add egg, egg
	yolk, and sour cream to flour mixture and mix well with your hands
	until smooth.</p>
	<li><p style=""margin-bottom: 0in; line-height: 100%"">Spread dough
	evenly on bottom of baking pan.</p>
	<li><p style=""margin-bottom: 0in; line-height: 100%"">Place plum
	halves skin-side-down on dough and press into dough. (Make sure
	there is some dough showing around each plum.) Put 1 tsp. topping on
	each plum half.</p>
	<li><p style=""margin-bottom: 0in; line-height: 100%"">Put on middle
	oven rack and bake 30 minutes, or until golden brown.</p>
	<li><p style=""margin-bottom: 0in; line-height: 100%"">Put powdered
	sugar in flour sifter and sift over top. Cut into squares to serve.</p>
</ol>";Cuisine;Cuisine|Polish|Desserts
21;Grzybki w Occie (Mushrooms in Vinegar);"<p style=""margin-bottom: 0in; line-height: 100%"">This popular dish is
made with very fresh mushrooms in Poland, where people often pick
their own in the country&rsquo;s many forests.</p>
<h2 class=""western"">Ingredients</h2>
<ul>
	<li><p style=""margin-bottom: 0in; line-height: 100%"">2 c. white-wine
	vinegar; 3 tbsp. sugar</p>
	<li><p style=""margin-bottom: 0in; line-height: 100%"">1/4 tsp. whole
	peppercorns; 1/4 tsp. whole allspice</p>
	<li><p style=""margin-bottom: 0in; line-height: 100%"">1 whole clove
	garlic; 2 bay leaves</p>
	<li><p style=""margin-bottom: 0in; line-height: 100%"">2 lb. fresh
	mushrooms; 1 small onion</p>
	<li><p style=""margin-bottom: 0in; line-height: 100%"">6 c. water; 1
	tsp. salt.</p>
</ul>
<h2 class=""western"">Instructions:</h2>
<ol>
	<li><p style=""margin-bottom: 0in; line-height: 100%"">Put vinegar,
	sugar, peppercorns, allspice, garlic, and bay leaves in a saucepan.
	Bring to a boil, then remove from heat and cool.</p>
	<li><p style=""margin-bottom: 0in; line-height: 100%"">Clean mushrooms
	and trim off ends. (Do not remove whole stem.) Peel onion.</p>
	<li><p style=""margin-bottom: 0in; line-height: 100%"">Put 6 c. water
	and the salt in a large saucepan and bring to a boil. Add mushrooms
	and whole onion and boil 3 to 4 minutes. Remove from heat, drain
	through a colander, and let cool.</p>
	<li><p style=""margin-bottom: 0in; line-height: 100%"">Put 3 tbsp.
	vinegar mixture into each of 2 qt. jars. Divide mushrooms equally
	and put into jars. Slice boiled onion and place equal amounts on top
	of mushrooms in each jar. Fill each jar with remaining vinegar
	mixture. Cover and refrigerate until ready to serve.*</p>
</ol>
<p style=""margin-bottom: 0in; line-height: 100%""><br/>

</p>
<p style=""margin-bottom: 0in; line-height: 100%"">*If covered tightly,
mushrooms in vinegar will keep for up to two months in the
refrigerator.</p>";Cuisine;Cuisine|Polish|Appetizers
22;Polish Garlic Soup with Poached Eggs;"<h2 class=""western"">Ingredients:</h2>
<ul>
	<li><p style=""margin-bottom: 0in; line-height: 100%"">4 heads garlic.</p>
	<li><p style=""margin-bottom: 0in; line-height: 100%"">1 bunch
	marjoram or thyme (about 30 sprigs).</p>
	<li><p style=""margin-bottom: 0in; line-height: 100%"">2 quarts
	chicken broth.</p>
	<li><p style=""margin-bottom: 0in; line-height: 100%"">3 tablespoons
	fresh lemon juice.</p>
	<li><p style=""margin-bottom: 0in; line-height: 100%"">One 1-inch
	strip orange zest (optional).</p>
	<li><p style=""margin-bottom: 0in; line-height: 100%"">Salt.</p>
	<li><p style=""margin-bottom: 0in; line-height: 100%"">Pepper.</p>
	<li><p style=""margin-bottom: 0in; line-height: 100%"">6 slices
	slightly stale French bread, toasted.</p>
	<li><p style=""margin-bottom: 0in; line-height: 100%"">6 poached eggs,
	optional.</p>
	<li><p style=""margin-bottom: 0in; line-height: 100%"">Extra virgin
	olive oil, for serving (optional).</p>
</ul>
<h2 class=""western"">Instructions:</h2>
<ol>
	<li><p>Break up the garlic heads into cloves and put the unpeeled
	cloves in a pot with the marjoram and the broth. Bring to a gentle
	simmer, cover, and simmer for about 45 minutes, or until the garlic
	is soft.</p>
	<li><p>Work the soup through a food mill or through a strainer,
	pressing against the solids with the bottom of a ladle. Return the
	soup to the pot, bring to a simmer, and add the lemon juice and
	orange zest. Season with salt and pepper. Put a toast in each soup
	plate, top each toast with an egg, and ladle over the broth. Drizzle
	with the olive oil.</p>
</ol>";Cuisine;Cuisine|Polish|Soups
23;Polish Barszcz Soup (Borscht);"<p style=""margin-bottom: 0in; line-height: 100%"">Borscht is one of
the most traditional soups in Polish cuisine, and many cooks serve a
meatless borscht such as this one at the Christmas Eve feast.</p>
<h2 class=""western"">Ingredients:</h2>
<ul>
	<li><p style=""margin-bottom: 0in; line-height: 100%"">32 oz. canned
	red beets, diced; 3 c. water</p>
	<li><p style=""margin-bottom: 0in; line-height: 100%"">1 medium stalk
	celery, chopped</p>
	<li><p style=""margin-bottom: 0in; line-height: 100%"">2 carrots,
	peeled and cut into 2-inch pieces</p>
	<li><p style=""margin-bottom: 0in; line-height: 100%"">1 medium onion,
	peeled and thickly sliced</p>
	<li><p style=""margin-bottom: 0in; line-height: 100%"">1/4 tsp. whole
	peppercorns; 1/4 tsp. salt</p>
	<li><p style=""margin-bottom: 0in; line-height: 100%"">1 tsp. vinegar;
	1 tbsp. lemon juice</p>
	<li><p style=""margin-bottom: 0in; line-height: 100%"">1 tsp. sugar;
	dash of garlic powder</p>
	<li><p style=""margin-bottom: 0in; line-height: 100%"">Salt and pepper
	to taste; sour cream and fresh dill to garnish.</p>
</ul>
<h2 class=""western"">Instructions:</h2>
<ol>
	<li><p style=""margin-bottom: 0in; line-height: 100%"">Drain beets and
	save the liquid. Set beets aside. In a large saucepan, combine beet
	liquid, water, celery, carrots, onion, peppercorns, and salt.</p>
	<li><p style=""margin-bottom: 0in; line-height: 100%"">Bring to a
	boil. Reduce heat, cover, and simmer 15 to 20 minutes.</p>
	<li><p style=""margin-bottom: 0in; line-height: 100%"">Carefully use a
	slotted spoon to remove and discard celery, carrots, onion, and
	peppercorns.</p>
	<li><p style=""margin-bottom: 0in; line-height: 100%"">Add beets,
	vinegar, lemon juice, sugar, and garlic powder. Simmer uncovered for
	10 minutes, or until heated through. Add salt and pepper to taste
	and serve hot with sour cream and dill.</p>
</ol>";Cuisine;Cuisine|Polish|Soups
24;Polish Zurek Soup (from homemade sourdough);"<h2 class=""western"">Ingredients:</h2>
<h3 class=""western"">Rye sourdough:</h3>
<ul>
	<li><p style=""margin-bottom: 0in"">half of a cup of wholemeal rye
	flour<br/>
(which is 8 tbsp = 120 mL = 1.2 dL)</p>
	<li><p style=""margin-bottom: 0in"">peel of one slice of wholemeal
	bread<br/>
(which is not obligatory)</p>
	<li><p style=""margin-bottom: 0in"">1 cup of room-temperature, but
	previously boiled water (240 mL = 2.4 dL)</p>
	<li><p style=""margin-bottom: 0in"">2 cloves of slightly crushed
	garlic</p>
	<li><p style=""margin-bottom: 0in"">2 bay leaves</p>
	<li><p>2-3 allspice berries</p>
</ul>
<h3 class=""western"">Zurek soup:</h3>
<ul>
	<li><p style=""margin-bottom: 0in""><a href=""https://www.tastingpoland.com/food/polish_food_ingredients.html#wloszczyzna"" target=""_top"">wloszczyzna</a>:
	1 carrot, half of a parsley, quarter of a leek, and small piece of a
	raw celery root</p>
	<li><p style=""margin-bottom: 0in"">2 medium sized onions</p>
	<li><p style=""margin-bottom: 0in"">2 garlic cloves</p>
	<li><p style=""margin-bottom: 0in"">5 allspice berries</p>
	<li><p style=""margin-bottom: 0in"">2 bay leaves</p>
	<li><p style=""margin-bottom: 0in"">1-2 juniper berries (optional)</p>
	<li><p style=""margin-bottom: 0in"">3 medium sized potatoes</p>
	<li><p style=""margin-bottom: 0in"">1 cup of rye sourdough (which is
	240 mL = 2.4 dL)</p>
	<li><p style=""margin-bottom: 0in"">0.5-0.6 lb of <a href=""https://www.tastingpoland.com/food/kielbasa_polish_sausage.html"" target=""_top"">Polish
	raw sausage (white sausage)</a> (250 g = 0.25 kg)</p>
	<li><p style=""margin-bottom: 0in"">0.2 lb of smoked bacon (optional)
	(100 g = 0.1 g)</p>
	<li><p style=""margin-bottom: 0in"">2-3 teaspoons of marjoram</p>
	<li><p style=""margin-bottom: 0in"">salt, pepper</p>
	<li><p style=""margin-bottom: 0in"">4-5 tablespoons of sour cream
	(~18% fat)</p>
	<li><p>hard boiled eggs</p>
</ul>
<h2 class=""western"">Instructions:</h2>
<h3 class=""western"">Rye sourdough:</h3>
<ol>
	<li><p style=""margin-bottom: 0in"">Boil water and use it to rinse an
	interior of the glass or clay jar. Set aside to cool. When water
	reaches room temperature, add wholemeal rye flour (half of a cup) to
	the jar and pour 1 cup of water. Stirr the mixture to form a uniform
	slurry. Add spices &ndash; 2 cloves of slightly crushed garlic, 2
	bay leaves, 2-3 allspice berries and the peel of one slice of
	wholemeal bread.</p>
	<li><p style=""margin-bottom: 0in"">Cover the jar with a piece of
	gauze or linen cloth. Do not close it with the lid, since the
	sourdough needs some fresh air. Set aside for about 3-5 days in a
	warm place and give it a stirr just once a day. Let it mature and
	the sourdough will gain a distinct sour smell and taste.</p>
	<li><p>Now, your sourdough is ready to be used for the soup. Store
	any leftover in the refrigerator, in a closed glass jar or bottle.</p>
</ol>
<h3 class=""western"">Zurek soup:</h3>
<ol>
	<li><p style=""margin-bottom: 0in"">Wash, peel and cut 2 medium sized
	onions and <a href=""https://www.tastingpoland.com/food/polish_food_ingredients.html#wloszczyzna"" target=""_top"">wloszczyzna</a>
	(1 carrot, half of a parsley, quarter of a leek, and small piece of
	a raw celery root). Put them into a large pot and cover with water.
	Add garlic (2 peeled cloves), 5 allspice berries, 2 bay leaves and,
	optionally, 1-2 juniper berries. Boil gently for about one hour,
	then drain the vegetables and save the broth.</p>
	<li><p style=""margin-bottom: 0in"">In the meantime, wash, peel and
	dice 3 medium sized potatoes.</p>
	<li><p style=""margin-bottom: 0in"">Now, add 1 cup of rye sourdough
	(prepared according to the above recipe) to your vegetable broth
	(now without vegetables). Stirr both ingredients and boil for about
	5 minutes.</p>
	<li><p style=""margin-bottom: 0in"">Cut 0.5-0.6 lb of <a href=""https://www.tastingpoland.com/food/kielbasa_polish_sausage.html"" target=""_top"">Polish
	raw sausage</a> (white sausage) into thick slices. Usually, we add
	the sausage to the soup as is, but you can also fry it a bit on the
	frying pan.</p>
	<li><p style=""margin-bottom: 0in"">To the soup (broth+sourdough mix),
	add 2-3 teaspoons of marjoram, sausage slices and 0.2 lb of smoked
	bacon (the latter is optional).</p>
	<li><p style=""margin-bottom: 0in"">Cook the soup until it gets an
	intense aroma of meat and herbs. Add salt and pepper to taste, then
	turn the heat off. Add 3-5 tablespoons of sour cream (~18% fat) and
	previously boiled potatoes. Stir the soup, but do not boil it any
	longer.</p>
	<li><p>Serve while still hot, with cut in half hard boiled eggs (one
	egg per plate).</p>
</ol>";Cuisine;Cuisine|Polish|Soups
25;Polish White Borscht Soup;"<p style=""margin-bottom: 0in; line-height: 100%"">Apart Zurek
traditional soup eaten at Easter is white borscht. Soups look the
same and are served with similar inserts &ndash; white sausage and
hardboiled egg, but it tastes different. The subtle difference lies
in the sourdough. White borscht is less acid and more aromatic as it
is cooked sourdough wheat flour and broth in bacon.</p>
<h2 class=""western"">Ingredients:</h2>
<h3 class=""western"">Sourdough:</h3>
<ul>
	<li><p style=""margin-bottom: 0in"">half cup of wheat flour</p>
	<li><p style=""margin-bottom: 0in"">peel from one slice of wholemeal
	bread (not obligatory)</p>
	<li><p style=""margin-bottom: 0in"">2 cloves of garlic - crushed</p>
	<li><p>1 cup of the water</p>
</ul>
<h3 class=""western"">Soup:</h3>
<ul>
	<li><p style=""margin-bottom: 0in"">2 liters of broth made with smoked
	meats (for example boiled lean smoked bacon or sausage)</p>
	<li><p style=""margin-bottom: 0in"">previously made sourdough</p>
	<li><p style=""margin-bottom: 0in"">1 bay leave</p>
	<li><p style=""margin-bottom: 0in"">1 clove of garlic</p>
	<li><p style=""margin-bottom: 0in"">1 medium carrot</p>
	<li><p style=""margin-bottom: 0in"">2-3 allspice grains</p>
	<li><p style=""margin-bottom: 0in"">2 tablespoons of freshly grated
	horseradish</p>
	<li><p style=""margin-bottom: 0in"">3 tablespoons of thick sour cream
	(18% fat)</p>
	<li><p style=""margin-bottom: 0in"">1 spun of marjoram</p>
	<li><p style=""margin-bottom: 0in"">salt, pepper</p>
	<li><p>hard-boiled eggs when ready to be served</p>
</ul>
<h2 class=""western"">Instructions:</h2>
<ol>
	<li><p style=""margin-bottom: 0in; line-height: 100%"">Pour wheat
	flour into a clay or cup pot, add pressed garlic and pour over some
	warm but not hot water. Mix it with enough water so that a slurry
	forms, and then leave for about 4-5 days in a warm and sunny place.
	After this time it will have a distinctive sourdough sour smell
	(don't worry - disappears during cooking). The sourdough can be
	poured into jars or bottles and stored even a month.</p>
	<li><p style=""margin-bottom: 0in; line-height: 100%"">Add your
	sourdough to broth made with bacon. Do it up to your taste, so that
	the acidity is OK for your tongue. Add bay leaf, crushed garlic
	clove, allspice, horseradish, sliced carrots and diced white
	sausage. Boil the mixture.</p>
	<li><p style=""margin-bottom: 0in; line-height: 100%"">Then remove
	from heat and pour the cream distributed in several spoons of the
	hot soup. Mix it and season to taste with salt and marjoram.</p>
	<li><p style=""margin-bottom: 0in; line-height: 100%"">In the
	meantime, boil the potatoes separately - otherwise, they become hard
	and are distasteful.</p>
	<li><p style=""margin-bottom: 0in; line-height: 100%"">Cook until soup
	goes an intense aroma of meats and herbs. Beetroot serve with slices
	of sausage and carrots; you can also add hard-boiled egg.</p>
</ol>";Cuisine;Cuisine|Polish|Soups
26;Polish Red Borscht with Mushrooms Soup;"<h2 class=""western"">Ingredients:</h2>
<ul>
	<li><p style=""margin-bottom: 0in; line-height: 100%"">a handful of
	dried mushrooms (100 g)</p>
	<li><p style=""margin-bottom: 0in; line-height: 100%"">2 cloves of
	garlic</p>
	<li><p style=""margin-bottom: 0in; line-height: 100%"">4 medium beets</p>
	<li><p style=""margin-bottom: 0in; line-height: 100%"">2 liters of
	vegetable broth (2 carrots, 1 onion, 1 parsley, 1 leek)</p>
	<li><p style=""margin-bottom: 0in; line-height: 100%"">dried herbs: 2
	bay leaves, 2 tablespoons of marjoram, 6 grains of black pepper, 4
	grains of allspice</p>
	<li><p style=""margin-bottom: 0in; line-height: 100%"">3 tablespoons
	of the chopped fresh parsley</p>
	<li><p style=""margin-bottom: 0in; line-height: 100%"">3 tablespoons
	of lemon juice</p>
	<li><p style=""margin-bottom: 0in; line-height: 100%"">3 tablespoons
	of thick sour cream (18% fat)</p>
	<li><p style=""margin-bottom: 0in; line-height: 100%"">salt and
	freshly ground black pepper</p>
</ul>
<h2 class=""western"">Instructions:</h2>
<ol>
	<li><p style=""margin-bottom: 0in; line-height: 100%"">The day before:
	rinse mushrooms in the sieve, put into a saucepan, pour 2 cups of
	cold water and leave for a night.</p>
	<li><p style=""margin-bottom: 0in; line-height: 100%"">The next day,
	cook mushrooms until tender (about 20 minutes) in water in which
	they were soaked, but with the addition of bay leaves and garlic.</p>
	<li><p style=""margin-bottom: 0in; line-height: 100%"">Wash beets,
	wrap each in aluminium foil, place on baking sheet and bake until
	tender (about 1 hour). You can check beets with a knife or a fork.
	It should go through smoothly.</p>
	<li><p style=""margin-bottom: 0in; line-height: 100%"">Spread the
	foil, peel and grate the beets into stripes.</p>
	<li><p style=""margin-bottom: 0in; line-height: 100%"">Add marjoram,
	pepper, allspice and parsley to the boiling broth. Then add grated
	beets, and season with salt.</p>
	<li><p style=""margin-bottom: 0in; line-height: 100%"">After some time
	add lemon juice. Decant vegetable broth and combine it with the
	mushroom brew. Leave few mushrooms in the soup - the rest can be
	used for something else.</p>
</ol>";Cuisine;Cuisine|Polish|Soups
27;Polish Red Borscht with Cream and Potato Soup;"<h2 class=""western"">Ingredients:</h2>
<ul>
	<li><p style=""margin-bottom: 0in"">3 carrots</p>
	<li><p style=""margin-bottom: 0in"">1 parsley</p>
	<li><p style=""margin-bottom: 0in"">1/2 of leek</p>
	<li><p style=""margin-bottom: 0in"">1/3 of celery</p>
	<li><p style=""margin-bottom: 0in"">or ca 400 g of frozen vegeta- bles
	instead of those above</p>
	<li><p style=""margin-bottom: 0in"">5-6 stock cubes</p>
	<li><p style=""margin-bottom: 0in"">2-3 beetroots</p>
	<li><p style=""margin-bottom: 0in"">10 black peppercorns</p>
	<li><p style=""margin-bottom: 0in"">5 allspice berries</p>
	<li><p style=""margin-bottom: 0in"">5 bay leaves</p>
	<li><p style=""margin-bottom: 0in"">2 cloves of garlic</p>
	<li><p style=""margin-bottom: 0in"">2 onions</p>
	<li><p style=""margin-bottom: 0in"">butter or olive for frying onion</p>
	<li><p style=""margin-bottom: 0in"">5-6 tablespoons of breadcrumbs</p>
	<li><p style=""margin-bottom: 0in"">cream</p>
	<li><p style=""margin-bottom: 0in"">sugar</p>
	<li><p style=""margin-bottom: 0in"">potatoes</p>
	<li><p>dill and/or parsley leaves</p>
</ul>
<h2 class=""western"">Instructions:</h2>
<ol>
	<li><p style=""margin-bottom: 0in; line-height: 100%"">Cut three
	carrots and one parsley into matchsticks. Slice half a leek. Grate
	1/3 of celery. Instead of those raw vegetables you can also use
	frozen combination (use ca 400 g). Such frozen products can be
	obviously found at the grocery store. In Poland this basic set of
	vegetables is called 'wloszczyzna' and constitutes the base of many
	soups.</p>
	<li><p style=""margin-bottom: 0in; line-height: 100%"">Pour 1.5-2
	litres of pure water (filtered or mineral) over above vegetables.
	Throw 5-6 beef stock cubes and start boiling.</p>
	<li><p style=""margin-bottom: 0in; line-height: 100%"">In the meantime
	grate two or three beetroots. Throw beets belts onto the frying pan.
	In Poland you can buy dried beets. Some eat it as the snack or
	sprinkle into salads. I never tried to cook the borscht on them,
	although (theoretically) it should be suitable as well as raw beets.</p>
	<li><p style=""margin-bottom: 0in; line-height: 100%"">After stock
	cubes dissolve and stock becomes hot, pour 1/3 or half of stock to
	the frying pan with beets. Stew beets under lid for about 20
	minutes. At that time the juice is being extracted from beets and
	broth gains very beautiful colour, similar to the colour of a red
	wine. Borscht made of good quality beets should be naturally
	slightly sweet at this point.</p>
	<li><p style=""margin-bottom: 0in; line-height: 100%"">If beets soften
	that stewing can be deemed completed. Pour the content of the frying
	pan to clean pot through strainer (beetroot stays on strainer).</p>
	<li><p style=""margin-bottom: 0in; line-height: 100%"">Take pot with
	stock (earlier put away) and pour through the sieve with beets to
	the 'new' pot that contains borscht. In this way you will separate
	carrot, parsley and leek. Pour the stock through strainer with
	portions, trying to squeeze the remaining juice still staying in
	beets.</p>
	<li><p style=""margin-bottom: 0in; line-height: 100%"">You can throw a
	portion of vegetables and beets from the sieve to the clear borscht.
	Do it at your own discretion and taste, but don't exaggerate. In
	contrast with the Ukrainian borscht, too many vegetables should not
	float in the good red borscht (e.g. in the clear red borscht served
	with 'uszka' there is no vegetables at all). Throw away remaining
	vegetables, or use them for preparing some other dish.</p>
	<li><p style=""margin-bottom: 0in; line-height: 100%"">Place the pot
	with borscht on the cooker and start warming gently. Add ca 10 black
	peppercorns, 5 allspice berries and 5 bay leaves. I personally never
	allow the borscht for boiling, because tastes coming from red beets
	are damaged slowly at the temperatures around 100&deg;C (212&deg;F).
	Moreover borscht also loses its color and aroma. Borscht should be
	cooked in the temperature of ca 80&deg;C (176&deg;C).</p>
	<li><p style=""margin-bottom: 0in; line-height: 100%"">Squeeze two
	cloves of garlic to the red borscht.</p>
	<li><p style=""margin-bottom: 0in; line-height: 100%"">At that time
	cut two onions into fine dice. Throw onto the frying pan, add butter
	or olive and fry to browning.</p>
	<li><p style=""margin-bottom: 0in; line-height: 100%"">Throw 1 of the
	fried onion into soup. Pour the remaining amount into the bowl and
	put away. This will be needed for us as the seasoning for potatoes,
	while serving borscht.</p>
	<li><p style=""margin-bottom: 0in; line-height: 100%"">On the same
	frying pan, on which you fried onion, brown about 5-6 table spoons
	of breadcrumbs. In this way you obtain the roux (polish: zasmazka).
	Add it to the borscht and mix precisely.</p>
	<li><p style=""margin-bottom: 0in; line-height: 100%"">Polish red
	beetroot juice concentrate produced by KrakusAt this stage as a rule
	I taste the borscht and I judge, whether it should not be thicker,
	i.e. whether more beets juice should not be in it. If I will
	acknowledge that it could be more concentrated I add red beet juice
	concentrate. It is available in polish groceries easily (produced by
	Krakus or Rolnik; personally, I prefer the first one). I add it with
	portions, all the way to satisfying taste. However extract from
	three beetroots should be enough. I should also emphasize that
	cooking the borscht exclusively on concentrate is sentenced to
	failure. It is worthwhile devoting the moment to grate beets in
	order to cook much tastier soup.</p>
	<li><p style=""margin-bottom: 0in; line-height: 100%"">Now time for
	adding the cream. Use fresh cream intended for soups. Pour half a
	cup of the borscht from the pot. Add two-three tablespoons of the
	cream and mix precisely. If lumps appear crumble it. Pour back into
	the pot and mix. Repeat the procedure, until you get the borscht
	about beautiful, pink colour. The amount of the cream in soup is a
	matter of the taste of course, so listen to your tongue ;) Soup with
	the cream cannot be boiled, since the cream will curdle. Soup gets
	much less appetizing look.</p>
	<li><p style=""margin-bottom: 0in; line-height: 100%"">After the cream
	we add the sugar. Red borscht, against many flawed recipes, is not a
	sour soup! The only one justified exception is a clear borscht with
	croquettes. Only this one can be sour. So, put one or two
	teaspoonfuls of the sugar, mix it and taste. Add little portions of
	the sugar charily, until soup gains the gentle sweet-sour taste. You
	should break a sour taste of the cream - it should not dominate.</p>
	<li><p style=""margin-bottom: 0in; line-height: 100%"">After mixing
	borscht with the cream turn heating off and put soup aside for
	cooling.</p>
	<li><p style=""margin-bottom: 0in; line-height: 100%"">Meanwhile peel
	the appropriate amount of potatoes, cut into cubes and cook.</p>
	<li><p style=""margin-bottom: 0in; line-height: 100%"">Mash boiled
	potatoes and season with the salt to the taste. Don't add the cream
	or the milk. We don't want this 'pur&eacute;e' to be too tender,
	because then it would dissolve in the borscht on the plate to
	easily.</p>
	<li><p style=""margin-bottom: 0in; line-height: 100%"">When the
	borscht will cool heat it again. Put portions of potatoes on the
	plates, then pour the borscht. Sprinkle potatoes with the fried
	onion and shredded parsley and dill.</p>
</ol>";Cuisine;Cuisine|Polish|Soups
28;Ukrainian Borscht Soup;"<h2 class=""western"">Ingredients:</h2>
<ul>
	<li><p style=""margin-bottom: 0in"">150 g of beets</p>
	<li><p style=""margin-bottom: 0in"">150 g of tomatoes</p>
	<li><p style=""margin-bottom: 0in"">150 g of carrot, celery, parsley</p>
	<li><p style=""margin-bottom: 0in"">100 g of onion</p>
	<li><p style=""margin-bottom: 0in"">4 spoons of cleaned and chopped
	parsley leaves with dill</p>
	<li><p style=""margin-bottom: 0in"">lemon juice</p>
	<li><p>salt</p>
</ul>
<h2 class=""western"">Instructions:</h2>
<ol>
	<li><p style=""margin-bottom: 0in"">Peel beets, carrot, celery and
	parsley, wash and rinse in water. Grate vegetables with grater.</p>
	<li><p style=""margin-bottom: 0in"">Peel onion, rinse and cut into
	little pieces. Along with other vegetables put into the pot and pour
	hot water. Cook vegetables, until soft.</p>
	<li><p style=""margin-bottom: 0in"">Pour fresh tomatoes with boiling
	water, and then take their skin down. If you use frozen tomatoes
	peel them at once. Cut tomatoes into cubes.</p>
	<li><p style=""margin-bottom: 0in"">Chop the dill and parsley leaves
	up. Throw it with tomatoes into boiling borscht.</p>
	<li><p>Season to taste with salt and with lemon juice if necessary.</p>
</ol>
<p>The Ukrainian borscht in vegetarian version is ready to eat.
However, you can also serve the borscht with a hard-boiled egg or
pieces of cooked, stewed or baked meat.</p>";Cuisine;Cuisine|Polish|Soups
29;Polish Flaki Soup (Beef Tripe Soup);"<h2 class=""western"">Ingredients:</h2>
<ul>
	<li><p style=""margin-bottom: 0in"">1 kg of pure, cut up beef or pork
	tripe</p>
	<li><p style=""margin-bottom: 0in"">0.5 kg of the beef meat (without
	bone)</p>
	<li><p style=""margin-bottom: 0in"">4-5 carrots</p>
	<li><p style=""margin-bottom: 0in"">leek</p>
	<li><p style=""margin-bottom: 0in"">medium size celery</p>
	<li><p style=""margin-bottom: 0in"">2 parsleys</p>
	<li><p style=""margin-bottom: 0in"">spoonful of butter</p>
	<li><p style=""margin-bottom: 0in"">two spoonfuls of the flour</p>
	<li><p>one spoonful of the marjoram</p>
</ul>
<h2 class=""western"">Instructions:</h2>
<ol>
	<li><p style=""margin-bottom: 0in"">Clean 1 kg of beef tripe,
	previously cut up and blanched. Sift out on the colander.</p>
	<li><p style=""margin-bottom: 0in"">Put 0.5 kg of the beef without the
	bone into the pot. Pour over 2.5&ndash;3 litres of water and cook 1
	hour.</p>
	<li><p style=""margin-bottom: 0in"">In the meantime cut up or shred
	4&ndash;5 of medium&ndash;sized carrots, one average celery and 2
	parsleys.</p>
	<li><p style=""margin-bottom: 0in"">Put vegetables into the stock and
	cook along for next 30 minutes.</p>
	<li><p style=""margin-bottom: 0in"">Pour previously prepared tripe.</p>
	<li><p style=""margin-bottom: 0in"">Salt some more and season to
	taste.</p>
	<li><p style=""margin-bottom: 0in"">Gently cook the whole on the
	slight fire for 1 hour and 30 minutes.</p>
	<li><p style=""margin-bottom: 0in"">Make the roux from butter and the
	flour, add to soup and mix precisely.</p>
	<li><p style=""margin-bottom: 0in"">Before the end of cooking add the
	marjoram.</p>
	<li><p>Serve with fresh bread (the best is to serve with a roll).</p>
</ol>";Cuisine;Cuisine|Polish|Soups
30;Polish Sorrel Soup;"<h2 class=""western"">Ingredients:</h2>
<h3 class=""western"">Broth:</h3>
<ul>
	<li><p style=""margin-bottom: 0in"">1920 to 1925 grams of meat or meat
	with bone</p>
	<li><p style=""margin-bottom: 0in"">1925 to 1930 grams of vegetables
	(carrot, parsley, celery, leek)</p>
	<li><p style=""margin-bottom: 0in"">half medium onion</p>
	<li><p>spices (a few peppercorns, bay leaf, salt to taste)</p>
</ul>
<h3 class=""western"">Soup:</h3>
<ul>
	<li><p style=""margin-bottom: 0in"">6 cups of broth</p>
	<li><p style=""margin-bottom: 0in"">3 ounces flour</p>
	<li><p style=""margin-bottom: 0in"">12 ounces sour cream (or natural
	yoghurt)</p>
	<li><p style=""margin-bottom: 0in"">10 ounces sorrel (fresh or from
	jar)</p>
</ul>
<h2 class=""western"">Instructions:</h2>
<ol>
	<li><p style=""margin-bottom: 0in"">First prepare broth from the bones
	and vegetables. Bones and meat thoroughly washed in hot water put
	them into the pot and pour six cups of cold water. Cook it on a
	strong fire under cover, then decrease the flame and cook over low
	heat for about 1 hour.</p>
	<li><p style=""margin-bottom: 0in"">Then wash, peel and put the green
	(vegetables)into the broth cooked bones. Then boil them all
	together. At the end of cooking add the spices.</p>
	<li><p style=""margin-bottom: 0in"">When vegetables and meat are
	already soft, drain them off. Vegetables can be used to prepare
	salads. Crush the meat and put into the soup. When we are ready to
	brew, we can deal with preparing the Sorrel soup.</p>
	<li><p>Wash the sorrel and finely chop it, boil it in filtrated
	broth. Instead of boiling it in the broth, sorrel can be chopped,
	stew in butter, and then added to the broth. If the sorrel is older,
	after strangling rub through a sieve. Mix flour with sour cream (or
	natural yoghurt), pour to the soup and cook, you can add some salt.</p>
</ol>
<p>Sorrel soup can be served with hard-boiled, chopped into quarters
eggs. Sorrel soup is also served with potatoes, which are washed and
peeled and should be cut into cubes and cooked in the broth before
putting sorrel.</p>";Cuisine;Cuisine|Polish|Soups
31;Polish Dill Soup;"<h2 class=""western"">Ingredients:</h2>
<ul>
	<li><p style=""margin-bottom: 0in"">1 large bunch of dill</p>
	<li><p style=""margin-bottom: 0in"">0.5 kg of soup vegetables
	(wloszczyzna: parsley, celery, leek, carrots)</p>
	<li><p style=""margin-bottom: 0in"">1 medium onion</p>
	<li><p style=""margin-bottom: 0in"">200 ml sour cream or tart yoghurt</p>
	<li><p style=""margin-bottom: 0in"">30 ounces of veal ribs or other
	meat with bone</p>
	<li><p style=""margin-bottom: 0in"">1 tablespoon of flour</p>
	<li><p style=""margin-bottom: 0in"">1 bay leaf</p>
	<li><p>salt, pepper</p>
</ul>
<h2 class=""western"">Instructions:</h2>
<ol>
	<li><p style=""margin-bottom: 0in"">Prepare a veal stock with 2 litres
	of water. To the pot add 1 small onion during cooking the broth. Add
	greens and then rest of vegetables. If you want to have
	full-vegetable version of this soup, throw chopped vegetables after
	20 minutes of meat cooking. If you want, however, to get rid of it
	and serve a clean soup, as it is usually prefered, throw all
	vegetables at the beginning.</p>
	<li><p style=""margin-bottom: 0in"">Add salt to taste. Now, cook the
	soup about 1 hour - until meat and vegetables will be soft.</p>
	<li><p style=""margin-bottom: 0in"">When broth is ready it is time for
	our dill. Cut very finely half of the bundle (the one closer to
	roots). Than fry it for 1-2 minutes on a hot pan and throw into the
	soup.</p>
	<li><p style=""margin-bottom: 0in"">Now, take the pot out from fire
	and remove meat.</p>
	<li><p style=""margin-bottom: 0in"">Mix cream with flour if you like a
	bit thicker soup. Pour few tablespoons of soup to the cream (so the
	cream does not coagulate after adding it to the hot soup). Then mix
	it all and pour to the pot with a dill soup.</p>
	<li><p style=""margin-bottom: 0in"">Slowly heat all together for the
	last time. Leave it for a moment to let all flavors merge.</p>
	<li><p style=""margin-bottom: 0in"">Now chop all remaining dill and
	throw directly into the pot. Mix the whole.</p>
	<li><p>Prepare batter dumplings of hard boiled eggs to be served
	with you dill soup.</p>
</ol>";Cuisine;Cuisine|Polish|Soups
32;Polish Cucumber Soup;"<h2 class=""western"">Ingredients:</h2>
<ul>
	<li><p style=""margin-bottom: 0in"">0.5 kg of meat or meat with bone</p>
	<li><p style=""margin-bottom: 0in"">0.5 kg of vegetables (carrot,
	parsley, celery, leek) or wloszczyzna mix</p>
	<li><p style=""margin-bottom: 0in"">half medium onion</p>
	<li><p style=""margin-bottom: 0in"">spices (a few peppercorns, bay
	leaf, black pepper and salt to taste)</p>
	<li><p style=""margin-bottom: 0in"">7-8 large pickled cucumbers</p>
	<li><p style=""margin-bottom: 0in"">1 medium onion</p>
	<li><p style=""margin-bottom: 0in"">2 cloves of garlic</p>
	<li><p style=""margin-bottom: 0in"">2 tablespoons of white flour</p>
	<li><p style=""margin-bottom: 0in"">2 tablespoons of butter</p>
	<li><p style=""margin-bottom: 0in"">100 ml sour cream (or tart
	yoghurt)</p>
	<li><p>3 medium potatoes</p>
</ul>
<h2 class=""western"">Instructions:</h2>
<ol>
	<li><p style=""margin-bottom: 0in"">At first we need to prepare a
	typical broth, so use meat and vegetables. Wash bones and meat
	thoroughly in hot water and put them into the pot. Pour six cups of
	cold water. Cook it on a strong fire under a cover. Then decrease
	the flame and cook gently for about 1 hour. Of course as usually you
	can simply use stock cubes making all simpler and faster (but with
	some loss on a quality of food, as some say).</p>
	<li><p style=""margin-bottom: 0in"">In a meantime wash and peel
	vegetables and put them into the broth. Boil all together. At the
	end of cooking add spices: few peppercorns, bay leaf, black pepper
	and salt to taste.</p>
	<li><p style=""margin-bottom: 0in"">When broth with vegetable is on
	its way, melt some butter on a frying pan and fry 1 medium, diced
	onion. When onion begins to brown add chopped or crushed garlic, mix
	precisely and still fry on a low fire for about 10 minutes.</p>
	<li><p style=""margin-bottom: 0in"">In this time wash cucumbers, peel
	and grate on a grater with big holes, so that what you get are
	stripes not too minuscule. Throw all cucumber stripes to garlic &amp;
	onion &ndash; fry all together some minutes more. Then add this
	mixture to your broth.</p>
	<li><p style=""margin-bottom: 0in"">Now, peel potatoes, cut into small
	pieces (dices) and throw into the ogorkowa soup.</p>
	<li><p style=""margin-bottom: 0in"">Cook everything on a rather low
	fire until potatoes are soft and edible.</p>
	<li><p style=""margin-bottom: 0in"">Time to make a suspension of flour
	with sour cream to (as they say in Poland) 'whiten' our cucumber
	soup. To do so simply mix 2 tablespoons of white flour and 100 ml of
	sour cream. You can also use tart yoghurt. Now slowly pour it into
	the soup, constantly and vigorously stirring. Mix precisely.</p>
	<li><p>Cook your soup for another few minutes, but do not let it to
	boil. Season ogorkowa soup with salt and black pepper according to
	your taste.</p>
</ol>";Cuisine;Cuisine|Polish|Soups
33;Polish Tomato Soup;"<h2 class=""western"">Ingredients:</h2>
<ul>
	<li><p style=""margin-bottom: 0in"">0.5 kg of meat or meat with bone
	or stock cubes</p>
	<li><p style=""margin-bottom: 0in"">0.5 kg of soup vegetables
	(parsley, celery, leek)</p>
	<li><p style=""margin-bottom: 0in"">5 medium carrots</p>
	<li><p style=""margin-bottom: 0in"">spices (a few peppercorns, bay
	leaf, salt to taste)</p>
	<li><p style=""margin-bottom: 0in"">1 tablespoon of butter</p>
	<li><p style=""margin-bottom: 0in"">4 peeled medium tomatoes</p>
	<li><p style=""margin-bottom: 0in"">1 tablespoon of tomato concentrate
	(optional)</p>
	<li><p>200 ml sour cream or tart yoghurt</p>
</ul>
<h2 class=""western"">Instructions:</h2>
<ol>
	<li><p style=""margin-bottom: 0in"">First prepare broth from meat and
	vegetables. Wash meat with bone thoroughly in hot water, put it into
	the pot and pour six cups of cold water. Cook it on a strong fire
	under cover, then decrease the flame and cook over low heat for
	about 1,5 hour. Of course and as usually you can prepare the broth
	with stock cubes if you don't have time for a more traditional
	route.</p>
	<li><p style=""margin-bottom: 0in"">Wash, peel and put the green
	(vegetables) into the broth. Add 5 medium carrots (do not chop
	them). Then boil it all together. This blend of soup vegetables are
	known in Poland as wloszczyzna (as you may known if Tasting Poland
	is not new for you). I usually buy frozen wloszczyzna at a grocery,
	so I don't have to wash, peel and chop vegetables.</p>
	<li><p style=""margin-bottom: 0in"">At the end of cooking add spices.
	Cook few minutes more and then take out the meat and all soup
	vegetables (wloszczyzna). However, leave carrots inside.</p>
	<li><p style=""margin-bottom: 0in"">Peel and cut tomatoes into cubes.
	Melt 1 tablespoon of butter in a small saucepan, then add peeled
	tomatoes and cook it until a thick consistency. Sometimes I add 1
	tablespoon of tomato paste (concentrate). It makes the soup more
	tomato-like, but changes the taste a bit. Just try yourself what you
	like, but (obviously) never use ketchup! ;)</p>
	<li><p style=""margin-bottom: 0in"">Add tomato sauce prepared
	according to point 4 to your pomidorowa soup and mix it well.</p>
	<li><p style=""margin-bottom: 0in"">Pour sour cream or tart yoghurt
	into a small saucepan. Gradually add spoonfuls of the soup, one
	after another, so the cream does not coagulate when heated up to
	fast. Mix it all precisely, and when you have got a satisfactory
	mixture of cream with soup pour that slowly to whole pot and mix
	once again.</p>
	<li><p>In Poland zupa pomidorowa is served with rice or noodles, so
	you also have to boil one of these before dishing up. To make filled
	soup plates more appetizing (and to add a bit of artistic character)
	put a teaspoon of cream in the middle of the plate and decorate with
	a little twig of parsley leaves.</p>
</ol>";Cuisine;Cuisine|Polish|Soups
34;Polish Chlodnik Soup (Cold Borscht) version 1;"<p style=""margin-bottom: 0in; line-height: 100%"">Chlodnik, also known
as cold borscht, is a traditional soup of Polish and Lithuanian
cuisines. The soup is served cold, as its name indicates. Chlodnik is
rich in vitamins, has a nice tart aftertaste and is very refreshing.
There are two-three basic kinds of chlodnik in Polish cuisine. 
</p>
<h2 class=""western"">Ingredients:</h2>
<ul>
	<li><p style=""margin-bottom: 0in; line-height: 100%"">0.25 l of beet
	sourdough or fresh cucumbers sourdough</p>
	<li><p style=""margin-bottom: 0in; line-height: 100%"">0.25 l of sour
	cream</p>
	<li><p style=""margin-bottom: 0in; line-height: 100%"">0.5 l of
	yoghurt</p>
	<li><p style=""margin-bottom: 0in; line-height: 100%"">1 medium
	beetroot</p>
	<li><p style=""margin-bottom: 0in; line-height: 100%"">1 bunch of dill</p>
	<li><p style=""margin-bottom: 0in; line-height: 100%"">1 bunch of
	chives</p>
	<li><p style=""margin-bottom: 0in; line-height: 100%"">1 cucumber</p>
	<li><p style=""margin-bottom: 0in; line-height: 100%"">1 bunch of red
	radishes</p>
	<li><p style=""margin-bottom: 0in; line-height: 100%"">1 pinch of
	powdered sugar</p>
	<li><p style=""margin-bottom: 0in; line-height: 100%"">salt, pepper</p>
	<li><p style=""margin-bottom: 0in; line-height: 100%"">to serve:
	hard-boiled eggs</p>
</ul>
<h2 class=""western"">Instructions:</h2>
<ol>
	<li><p style=""margin-bottom: 0in"">Mix 0.25 l of beet or cucumbers
	sourdough with 0.25 l of sour cream and 0.5 l of yogurt.</p>
	<li><p style=""margin-bottom: 0in"">Time to make chlodnik soup pink
	coloured - we need some fresh beet juice. Most probably you can't
	buy it in grocery. Since beetroot is more like a potato, than a
	juicy fruit, electrical juicer cannot be overestimated :) I should
	mention salutary effect, that a red beetroot juice has on your
	health.</p>
	<li><p style=""margin-bottom: 0in"">Add some salt to taste, and do not
	forget a pinch of powdered sugar. Soup should be gently but firmly
	sour.</p>
	<li><p style=""margin-bottom: 0in"">Vegetables: add a big bunch of
	finely chopped dill and a small bunch of finely chopped chives.</p>
	<li><p style=""margin-bottom: 0in"">Peel one fresh, green cucumber and
	dice it. Cut a bunch of red radishes into slices. Both diced
	cucumber and sliced radishes are another necessary addition to
	chlodnik.</p>
	<li><p style=""margin-bottom: 0in"">Chlodnik should be left to
	'mature' in a cool place for 2-3 hours (put it into your fridge).</p>
	<li><p>When ready, serve chlodnik in bowls with a hard boiled egg,
	cut into quarters. Both eggs and chlodnik should be cold.</p>
</ol>
<p>I prefer to eat chlodnik as stated above - cold, pure, simple and
with no meat. However, some people like to add small pieces of good
quality cold cuts, or roast veal. For sure, there's a reason if
chlodnik is going to be served as a main dish. Therefore it should
has some more sustenance. More exquisite addition is a cooked shrimp,
but it isn't Polish tradition at all. And remember that chlodnik
should always be served cold (almost directly from your fridge).</p>";Cuisine;Cuisine|Polish|Soups
35;Polish Chlodnik Soup (Cold Borscht) version 2;"<p style=""margin-bottom: 0in; line-height: 100%"">Another version of
traditional Polish and Lithuanian cold borscht &ndash; chlodnik.</p>
<p style=""margin-bottom: 0in; line-height: 100%""><br/>

</p>
<h2 class=""western"">Ingredients:</h2>
<ul>
	<li><p style=""margin-bottom: 0in"">1 l of sour milk or natural
	yoghurt</p>
	<li><p style=""margin-bottom: 0in"">0.25 l of sour cream</p>
	<li><p style=""margin-bottom: 0in"">2 tablespoons of lemon juice</p>
	<li><p style=""margin-bottom: 0in"">1 bunch of young beets</p>
	<li><p style=""margin-bottom: 0in"">1 bunch of dill</p>
	<li><p style=""margin-bottom: 0in"">1 bunch of red radishes</p>
	<li><p style=""margin-bottom: 0in"">1 cucumber</p>
	<li><p style=""margin-bottom: 0in"">4 onions</p>
	<li><p style=""margin-bottom: 0in"">150 g of roast veal</p>
	<li><p style=""margin-bottom: 0in"">salt, sugar</p>
	<li><p>2 hard-boiled eggs</p>
</ul>
<h2 class=""western"">Instructions:</h2>
<ol>
	<li><p style=""margin-bottom: 0in"">Wash beet leaves with stalks and
	chop them. Put them to pot and pour a little water. Add 2
	tablespoons of lemon juice, cover with a lid and cook for 10
	minutes. Put it aside to cool.</p>
	<li><p style=""margin-bottom: 0in"">Wash cucumber, cut into cubes and
	season with salt.</p>
	<li><p style=""margin-bottom: 0in"">Rinse onions and dill rinse and
	chop coarsely.</p>
	<li><p style=""margin-bottom: 0in"">Wash radishes and cut into thin
	slices.</p>
	<li><p style=""margin-bottom: 0in"">Boil two eggs, remove an eggshell
	and divide into quarters.</p>
	<li><p style=""margin-bottom: 0in"">Cut roast veal into stripes.</p>
	<li><p style=""margin-bottom: 0in"">Pour 1 l of sour milk (or yoghurt)
	to a large pot and whisk it. In another bowl whisk 0.25 l of sour
	cream. Then mix both precisely.</p>
	<li><p style=""margin-bottom: 0in"">Add cooled beetroot brew (point
	1).</p>
	<li><p style=""margin-bottom: 0in"">Add cucumbers, radishes, dill,
	spring onions and veal.</p>
	<li><p style=""margin-bottom: 0in"">Seazon your chlodnik with salt and
	black pepper.</p>
	<li><p style=""margin-bottom: 0in"">Mix the whole and put into the
	refrigerator for 2-3 hours.</p>
	<li><p>Dish up cold with boiled eggs inside. Before serving stirr
	the soup.</p>
</ol>
<p>Chlodnik can be stored in the refrigerator for 3 days, keeping
fresh. I hope that you find this cold borscht (chlodnik) recipe
useful. 
</p>";Cuisine;Cuisine|Polish|Soups
36;Polish Goulash Soup;"<p style=""margin-bottom: 0in; line-height: 100%"">This delicious soup
comes from the traditional Hungarian recipes and for decades is also
popular in the Polish cuisine. The following recipe describes
'Polish' goulash soup, which is less spicy than original, Hungarian
equivalent. Expression 'goulash soup' ('zupa gulaszowa' in polish)
corresponds to Hungarian 'goulash' ('guly&aacute;s' in Hungarian),
while word 'goulash' describes in Poland a dense sauce made in the
Hungarian style, not the soup.</p>
<h2 class=""western"">Ingredients:</h2>
<ul>
	<li><p style=""margin-bottom: 0in"">300 g of the pork</p>
	<li><p style=""margin-bottom: 0in"">200 g of the beef</p>
	<li><p style=""margin-bottom: 0in"">2 onions</p>
	<li><p style=""margin-bottom: 0in"">some butter or oil for frying</p>
	<li><p style=""margin-bottom: 0in"">100 g of carrot</p>
	<li><p style=""margin-bottom: 0in"">1 green pepper</p>
	<li><p style=""margin-bottom: 0in"">1 red pepper</p>
	<li><p style=""margin-bottom: 0in"">4 fleshy tomatoes</p>
	<li><p style=""margin-bottom: 0in"">1 L of pure hot water</p>
	<li><p style=""margin-bottom: 0in"">1 teaspoonful of salt</p>
	<li><p style=""margin-bottom: 0in"">2 teaspoonfuls of sweet pepper</p>
	<li><p style=""margin-bottom: 0in"">grinded black pepper</p>
	<li><p style=""margin-bottom: 0in"">powdered chilli pepper acording to
	taste</p>
	<li><p style=""margin-bottom: 0in"">one or two cloves of garlic</p>
	<li><p>one spoonful of cream</p>
</ul>
<h2 class=""western"">Instructions:</h2>
<ol>
	<li><p style=""margin-bottom: 0in; line-height: 100%"">Wash and cut
	into small 200 g of pork and 300 g of beef.</p>
	<li><p style=""margin-bottom: 0in; line-height: 100%"">Peel two onions
	and slice it.</p>
	<li><p style=""margin-bottom: 0in; line-height: 100%"">Put some oil or
	butter on the frying pan. Throw onion onto pan when heated up. Fry
	onion gently.</p>
	<li><p style=""margin-bottom: 0in; line-height: 100%"">When onion
	browns a bit, put meat to the frying pan and fry it (altogether with
	onion) precisely from every side.</p>
	<li><p style=""margin-bottom: 0in; line-height: 100%"">In the meantime
	peel 100 g of carrot, wash and cut up crosswise into round slices.</p>
	<li><p style=""margin-bottom: 0in; line-height: 100%"">Clean both raw
	peppers, halve them and remove seeds and white parts. Rinse with
	water and cut peppers into stripes.</p>
	<li><p style=""margin-bottom: 0in; line-height: 100%"">Scald four
	tomatoes with boiling water and peel the skin. Cut base of the stem
	out and dice tomatoes.</p>
	<li><p style=""margin-bottom: 0in; line-height: 100%"">When the meat
	is fried throw carrot, pepper and tomatoes onto the frying pan. Fry
	about 5 minutes.</p>
	<li><p style=""margin-bottom: 0in; line-height: 100%"">Move the entire
	content of the frying pan to the pot and flood with 1 liter of hot
	filtered or mineral water (4 cups). Mix it, keep heating and leave
	for 5 minutes.</p>
	<li><p style=""margin-bottom: 0in; line-height: 100%"">Pour two
	teaspoons of sweet, red pepper into pot, than 1 teaspoonful of the
	salt and the quarter of teaspoonful of chilli pepper (my own
	experience) or any other quantity according to Your taste.</p>
	<li><p style=""margin-bottom: 0in; line-height: 100%"">Leave soup
	heating it up under the lid for 1 hour.</p>
	<li><p style=""margin-bottom: 0in; line-height: 100%"">After an hour
	turn the heating off and press one or two cloves of garlic to the
	goulash.</p>
	<li><p style=""margin-bottom: 0in; line-height: 100%"">Add the grinded
	black pepper according to your taste. Taste the soup and if
	necessary salt some more and season to taste.</p>
	<li><p style=""margin-bottom: 0in; line-height: 100%"">Leave the soup
	for cooling. After a dozen or so minutes, when it is no longer hot,
	add one spoonful of the cream and mix precisely.</p>
	<li><p style=""margin-bottom: 0in; line-height: 100%"">The dish is
	ready. Before serving warm it up again, but never let it boil. You
	can serve goulash soup with the bread or rolls.</p>
</ol>";Cuisine;Cuisine|Polish|Soups
37;Polish Polewka Kurpiowska Soup (Soup of the Kurpie region);"<h2 class=""western"">Ingredients:</h2>
<ul>
	<li><p style=""margin-bottom: 0in"">4 big onions</p>
	<li><p style=""margin-bottom: 0in"">1 litre of milk</p>
	<li><p style=""margin-bottom: 0in"">1 heaped spoonful of the cornmeal</p>
	<li><p style=""margin-bottom: 0in"">4 spoonfulfuls of butter</p>
	<li><p style=""margin-bottom: 0in"">fist of the chopped parsley leaves</p>
	<li><p style=""margin-bottom: 0in"">salt</p>
	<li><p>pepper</p>
</ul>
<h2 class=""western"">Instructions:</h2>
<ol>
	<li><p style=""margin-bottom: 0in"">Peel four big onions and cut into
	small cubes.</p>
	<li><p style=""margin-bottom: 0in"">Melt a spoonful of butter on the
	frying pan and throw the onion. Gently fry, without exaggerated
	browning.</p>
	<li><p style=""margin-bottom: 0in"">Move onion from the frying pan to
	the pot. Pour 4 cups of filtered or mineral water.</p>
	<li><p style=""margin-bottom: 0in"">Season to taste with the salt and
	pepper.</p>
	<li><p style=""margin-bottom: 0in"">Add the fist of parsley leaves
	chopped up. Cook half an hour.</p>
	<li><p style=""margin-bottom: 0in"">Strain the soup and pour 0.5 of
	the liter of the unskimmed milk mixed with 1 heaped spoonful of the
	cornmeal.</p>
	<li><p style=""margin-bottom: 0in"">Put on the cooker and cook about
	10 minutes, stirring from time to time.</p>
	<li><p>Turn heating off and pour remaining 0.5 L of milk. Add
	remaining 3 spoons of butter. Mix precisely. Serve soup sprinkled
	with parsley leaves.</p>
</ol>";Cuisine;Cuisine|Polish|Soups
38;Old Polish Onion Soup;"<h2 class=""western"">Ingredients:</h2>
<ul>
	<li><p style=""margin-bottom: 0in"">150 g of the black wholemeal bread
	without the crust</p>
	<li><p style=""margin-bottom: 0in"">350-400 g of onion (2 big onions)</p>
	<li><p style=""margin-bottom: 0in"">1-1.5 spoonfuls of butter</p>
	<li><p style=""margin-bottom: 0in"">3-4 stock cubes</p>
	<li><p style=""margin-bottom: 0in"">2 yolks</p>
	<li><p style=""margin-bottom: 0in"">half a cup of the cream</p>
	<li><p style=""margin-bottom: 0in"">salt and pepper</p>
	<li><p>dill or parsley leaves</p>
</ul>
<h2 class=""western"">Instructions:</h2>
<ol>
	<li><p style=""margin-bottom: 0in; line-height: 100%"">Edge the
	wholemeal bread of the crust. Slice 150 g of bread, and then cut all
	slices into cubes. You should use black wholemeal bread.</p>
	<li><p style=""margin-bottom: 0in; line-height: 100%"">Prepare the
	dish suitable for baking in the oven. Grease its surface with
	butter. Put cubes made from of the inside of the wholemeal bread.</p>
	<li><p style=""margin-bottom: 0in; line-height: 100%"">Put to the
	oven. Start heating and hold bread in the oven until bread dries off
	and browns on the surface. Be careful not to burn it too much.</p>
	<li><p style=""margin-bottom: 0in; line-height: 100%"">While bread is
	in an oven, peel onions and cut into cubes.</p>
	<li><p style=""margin-bottom: 0in; line-height: 100%"">Dissolve 1-1.5
	spoonful of butter on the frying pan, throw onion and brown it
	slightly (about 15 minutes of frying).</p>
	<li><p style=""margin-bottom: 0in; line-height: 100%"">After certain
	time throw bread cubes to the frying pan with stir-fried onion.</p>
	<li><p style=""margin-bottom: 0in; line-height: 100%"">Pour 1 liter of
	clean water (filtered, mineral or boiled) to the frying pan. Leave
	gently cooking for 30 minutes.</p>
	<li><p style=""margin-bottom: 0in; line-height: 100%"">Pour soup
	through the sieve to the new pot. Pass solid pieces of bread and
	onion through a sieve (in the same way like while preparing mousse
	soups).</p>
	<li><p style=""margin-bottom: 0in; line-height: 100%"">Throw 3-4 stock
	cubes. Put you pot again on the cooker and boil. When soup will
	start seething put it aside and turn of heating. Mix until stock
	cubes dissolve.</p>
	<li><p style=""margin-bottom: 0in; line-height: 100%"">Add two yolks
	to half a cup of the cream and mix (rinse the eggs with hot water to
	remove any ugly stuff). Add resulting yellow liquid to the pot with
	soup. Mix precisely.</p>
	<li><p style=""margin-bottom: 0in; line-height: 100%"">Season to taste
	with salt and a lot of pepper.</p>
	<li><p style=""margin-bottom: 0in; line-height: 100%"">Sprinkle pots
	with onion soup with shredded dill, parsley leaves or chives (or all
	of it at once). You can also sprinkle with black pepper and some
	firmly chopped onion previously browned on frying pan. Serve with
	wholemeal bread (if you will come across problems with purchasing
	european-style wholemeal bread you may buy German pumpernickel -
	it's great here).</p>
</ol>
<p>Traditional recipe
does not use meat at all - Polish onion soup is then a vegetarian
dish. However, I always add stock cubes making the soup much tastier.</p>";Cuisine;Cuisine|Polish|Soups
